asin,fnsku,product_name,fulfillment_center,country_code,longest_side,median_side,shortest_side,measurement_units,weight,weight_units,item_volume,volume_units,product_size_tier,average_quantity_on_hand,average_quantity_pending_removal,estimated_total_item_volume,month_of_charge,storage_utilization_ratio,storage_utilization_ratio_units,base_rate,utilization_surcharge_rate,avg_qty_for_sus,est_vol_for_sus,est_base_msf,est_sus,currency,estimated_monthly_storage_fee,dangerous_goods_storage_type,eligible_for_inventory_discount,qualifies_for_inventory_discount,total_incentive_fee_amount,breakdown_incentive_fee_amount,average_quantity_customer_orders
B0C538JL1X,X003TKCFCF,"KEOAMG 2 Pack Foldable Over The Door Hanger, No Assembly Required Door Hanger Hook, Sturdy Over The Door Coat Rack, Over The Door Hooks for Hanging Clothes, Towels, Hats, Matte Black",ACY1,US,17.6,4.17,3.9,inches,2.38,pounds,0.1656,cubic feet,Standard-Size,1,0,0.1656,25-Jan,7.1,weeks,0.78,0,1,0.1656,0.1308,0,USD,0.1308,--,N,N,0,--,0
B0DHQ8QGQG,X004EJ051D,"KEOAMG Tie Rack Hanger for Closet, Sleek Tie Hangers for Men with 18 Upgraded Folding Hooks, Space-Saving Tie Holder Neck Tie Organizer for Men Ties, Belts, Bras, Scarves, Tank Tops (Black)",ACY1,US,13.43,4.49,0.71,inches,0.35,pounds,0.0248,cubic feet,Standard-Size,4.74,0,0.0623,25-Jan,7.1,weeks,0.78,0,2.52,0.0623,0.0492,0,USD,0.0492,--,N,N,0.043014905,FBA_NEW_SELECTION:0.043,0
B0BMF6VST8,X003IDW07X,"KEOAMG Over The Door Hooks, No Assembly Required Door Hanger Hook, Sturdy Over The Door Coat Rack, Over Door Hanger Door Hooks for Hanging Clothes, Towels, Hats, Matte Black",AGS1,US,17.48,4.29,3.7,inches,1.32,pounds,0.1606,cubic feet,Standard-Size,0.03,0,0.0052,25-Jan,7.1,weeks,0.78,0,0.03,0.0052,0.0049,0,USD,0.0049,--,N,N,0,--,0
B0DHL54ZV4,X004EJ05W7,"KEOAMG Tie Rack Hanger for Closet, Upgraded Tie Hangers for Men with 18 Folding Hooks, Space Saving Tie Holder Neck Tie Organizer for Men Ties, Belts, Bras, Scarves, Tank Tops (Mahogany)",AGS1,US,13.43,4.06,0.59,inches,0.29,pounds,0.0186,cubic feet,Standard-Size,0.29,0,0.0054,25-Jan,7.1,weeks,0.78,0,0.1,0.0018,0.0051,0,USD,0.0051,--,N,N,0,--,0
B0C538JL1X,X003TKCFCF,"KEOAMG 2 Pack Foldable Over The Door Hanger, No Assembly Required Door Hanger Hook, Sturdy Over The Door Coat Rack, Over The Door Hooks for Hanging Clothes, Towels, Hats, Matte Black",AKC1,US,17.6,4.17,3.9,inches,2.38,pounds,0.1656,cubic feet,Standard-Size,57.97,0,9.5004,25-Jan,7.1,weeks,0.78,0,57.35,9.5004,7.4061,0,USD,7.4061,--,N,N,0,--,0.61
B0D4MCXCC6,X0048XOI7H,"KEOAMG Over The Door Hooks, Over The Door Towel Rack for Bathroom, Sturdy Over The Door Hanger, Door Hanger Hook, Door Hooks for Hanging Clothes, Coats, Towels, White",AKC1,US,17.32,4.37,3.54,inches,1.3,pounds,0.1551,cubic feet,Standard-Size,0.03,0,0.005,25-Jan,7.1,weeks,0.78,0,0.03,0.005,0.0039,0,USD,0.0039,--,N,N,0,--,0
B0BMF6VST8,X003IDW07X,"KEOAMG Over The Door Hooks, No Assembly Required Door Hanger Hook, Sturdy Over The Door Coat Rack, Over Door Hanger Door Hooks for Hanging Clothes, Towels, Hats, Matte Black",ATL2,US,17.48,4.29,3.7,inches,1.32,pounds,0.1606,cubic feet,Standard-Size,1.97,0,0.2849,25-Jan,7.1,weeks,0.78,0,1.77,0.2849,0.2212,0,USD,0.2212,--,N,N,0,--,0.19
B0D4MCXCC6,X0048XOI7H,"KEOAMG Over The Door Hooks, Over The Door Towel Rack for Bathroom, Sturdy Over The Door Hanger, Door Hanger Hook, Door Hooks for Hanging Clothes, Coats, Towels, White",ATL2,US,17.32,4.37,3.54,inches,1.3,pounds,0.1551,cubic feet,Standard-Size,0.97,0,0.1451,25-Jan,7.1,weeks,0.78,0,0.9,0.1401,0.1117,0,USD,0.1117,--,N,N,0,--,0.03
B0DHQ8QGQG,X004EJ051D,"KEOAMG Tie Rack Hanger for Closet, Sleek Tie Hangers for Men with 18 Upgraded Folding Hooks, Space-Saving Tie Holder Neck Tie Organizer for Men Ties, Belts, Bras, Scarves, Tank Tops (Black)",ATL2,US,13.43,4.49,0.71,inches,0.35,pounds,0.0248,cubic feet,Standard-Size,0.97,0,8.00E-04,25-Jan,7.1,weeks,0.78,0,0.03,8.00E-04,6.00E-04,0,USD,6.00E-04,--,N,N,0.016831919,FBA_NEW_SELECTION:0.0168,0.06
B0DHL54ZV4,X004EJ05W7,"KEOAMG Tie Rack Hanger for Closet, Upgraded Tie Hangers for Men with 18 Folding Hooks, Space Saving Tie Holder Neck Tie Organizer for Men Ties, Belts, Bras, Scarves, Tank Tops (Mahogany)",ATL2,US,13.43,4.06,0.59,inches,0.29,pounds,0.0186,cubic feet,Standard-Size,0.45,0,0.0084,25-Jan,7.1,weeks,0.78,0,0,0,0.0065,0,USD,0.0065,--,N,N,0,--,0
B0BMF6VST8,X003IDW07X,"KEOAMG Over The Door Hooks, No Assembly Required Door Hanger Hook, Sturdy Over The Door Coat Rack, Over Door Hanger Door Hooks for Hanging Clothes, Towels, Hats, Matte Black",AUS2,US,17.48,4.29,3.7,inches,1.32,pounds,0.1606,cubic feet,Standard-Size,0.06,0,0.0104,25-Jan,7.1,weeks,0.78,0,0.06,0.0104,0.0095,0,USD,0.0095,--,N,N,0,--,0
B0DHL54ZV4,X004EJ05W7,"KEOAMG Tie Rack Hanger for Closet, Upgraded Tie Hangers for Men with 18 Folding Hooks, Space Saving Tie Holder Neck Tie Organizer for Men Ties, Belts, Bras, Scarves, Tank Tops (Mahogany)",AUS2,US,13.43,4.06,0.59,inches,0.29,pounds,0.0186,cubic feet,Standard-Size,0.19,0,6.00E-04,25-Jan,7.1,weeks,0.78,0,0.03,6.00E-04,5.00E-04,0,USD,5.00E-04,--,N,N,0.001873714,FBA_NEW_SELECTION:0.0019,0.03
B0BMF6VST8,X003IDW07X,"KEOAMG Over The Door Hooks, No Assembly Required Door Hanger Hook, Sturdy Over The Door Coat Rack, Over Door Hanger Door Hooks for Hanging Clothes, Towels, Hats, Matte Black",BDL2,US,17.48,4.29,3.7,inches,1.32,pounds,0.1606,cubic feet,Standard-Size,0.19,0,0.0104,25-Jan,7.1,weeks,0.78,0,0.06,0.0104,0.01,0,USD,0.01,--,N,N,0,--,0.13
B0BMF6VST8,X003IDW07X,"KEOAMG Over The Door Hooks, No Assembly Required Door Hanger Hook, Sturdy Over The Door Coat Rack, Over Door Hanger Door Hooks for Hanging Clothes, Towels, Hats, Matte Black",BDL3,US,17.48,4.29,3.7,inches,1.32,pounds,0.1606,cubic feet,Standard-Size,0.13,0,0.0104,25-Jan,7.1,weeks,0.78,0,0.06,0.0104,0.0082,0,USD,0.0082,--,N,N,0,--,0.06
B0C538JL1X,X003TKCFCF,"KEOAMG 2 Pack Foldable Over The Door Hanger, No Assembly Required Door Hanger Hook, Sturdy Over The Door Coat Rack, Over The Door Hooks for Hanging Clothes, Towels, Hats, Matte Black",BDL3,US,17.6,4.17,3.9,inches,2.38,pounds,0.1656,cubic feet,Standard-Size,1,0,0.155,25-Jan,7.1,weeks,0.78,0,0.94,0.155,0.1228,0,USD,0.1228,--,N,N,0,--,0.06
B0D4MCXCC6,X0048XOI7H,"KEOAMG Over The Door Hooks, Over The Door Towel Rack for Bathroom, Sturdy Over The Door Hanger, Door Hanger Hook, Door Hooks for Hanging Clothes, Coats, Towels, White",BDL3,US,17.32,4.37,3.54,inches,1.3,pounds,0.1551,cubic feet,Standard-Size,0.65,0,0.1,25-Jan,7.1,weeks,0.78,0,0.65,0.1,0.079,0,USD,0.079,--,N,N,0,--,0
B0BMF6VST8,X003IDW07X,"KEOAMG Over The Door Hooks, No Assembly Required Door Hanger Hook, Sturdy Over The Door Coat Rack, Over Door Hanger Door Hooks for Hanging Clothes, Towels, Hats, Matte Black",BDL4,US,17.48,4.29,3.7,inches,1.32,pounds,0.1606,cubic feet,Standard-Size,3.45,0,0.5231,25-Jan,7.1,weeks,0.78,0,3.26,0.5231,0.4102,0,USD,0.4102,--,N,N,0,--,0.19
B0C538JL1X,X003TKCFCF,"KEOAMG 2 Pack Foldable Over The Door Hanger, No Assembly Required Door Hanger Hook, Sturdy Over The Door Coat Rack, Over The Door Hooks for Hanging Clothes, Towels, Hats, Matte Black",BDL4,US,17.6,4.17,3.9,inches,2.38,pounds,0.1656,cubic feet,Standard-Size,0.23,0,0.0214,25-Jan,7.1,weeks,0.78,0,0.13,0.0214,0.0167,0,USD,0.0167,--,N,N,0,--,0.1
B0D4MCXCC6,X0048XOI7H,"KEOAMG Over The Door Hooks, Over The Door Towel Rack for Bathroom, Sturdy Over The Door Hanger, Door Hanger Hook, Door Hooks for Hanging Clothes, Coats, Towels, White",BDL4,US,17.32,4.37,3.54,inches,1.3,pounds,0.1551,cubic feet,Standard-Size,2.26,0,0.3501,25-Jan,7.1,weeks,0.78,0,2.26,0.3501,0.2731,0,USD,0.2731,--,N,N,0,--,0
B0BMF6VST8,X003IDW07X,"KEOAMG Over The Door Hooks, No Assembly Required Door Hanger Hook, Sturdy Over The Door Coat Rack, Over Door Hanger Door Hooks for Hanging Clothes, Towels, Hats, Matte Black",BFI4,US,17.48,4.29,3.7,inches,1.32,pounds,0.1606,cubic feet,Standard-Size,2.9,0,0.4558,25-Jan,7.1,weeks,0.78,0,2.84,0.4558,0.3571,0,USD,0.3571,--,N,N,0,--,0.06
B0D4MCXCC6,X0048XOI7H,"KEOAMG Over The Door Hooks, Over The Door Towel Rack for Bathroom, Sturdy Over The Door Hanger, Door Hanger Hook, Door Hooks for Hanging Clothes, Coats, Towels, White",BFI4,US,17.32,4.37,3.54,inches,1.3,pounds,0.1551,cubic feet,Standard-Size,0.68,0,0.105,25-Jan,7.1,weeks,0.78,0,0.68,0.105,0.0819,0,USD,0.0819,--,N,N,0,--,0
B0DHL54ZV4,X004EJ05W7,"KEOAMG Tie Rack Hanger for Closet, Upgraded Tie Hangers for Men with 18 Folding Hooks, Space Saving Tie Holder Neck Tie Organizer for Men Ties, Belts, Bras, Scarves, Tank Tops (Mahogany)",BFI4,US,13.43,4.06,0.59,inches,0.29,pounds,0.0186,cubic feet,Standard-Size,2,0,0.0012,25-Jan,7.1,weeks,0.78,0,0.06,0.0012,9.00E-04,0,USD,9.00E-04,--,N,N,0.027168848,FBA_NEW_SELECTION:0.0272,0.06
B0BMF6VST8,X003IDW07X,"KEOAMG Over The Door Hooks, No Assembly Required Door Hanger Hook, Sturdy Over The Door Coat Rack, Over Door Hanger Door Hooks for Hanging Clothes, Towels, Hats, Matte Black",BFL1,US,17.48,4.29,3.7,inches,1.32,pounds,0.1606,cubic feet,Standard-Size,0.1,0,0.0155,25-Jan,7.1,weeks,0.78,0,0.1,0.0155,0.0145,0,USD,0.0145,--,N,N,0,--,0
B0DHL54ZV4,X004EJ05W7,"KEOAMG Tie Rack Hanger for Closet, Upgraded Tie Hangers for Men with 18 Folding Hooks, Space Saving Tie Holder Neck Tie Organizer for Men Ties, Belts, Bras, Scarves, Tank Tops (Mahogany)",BFL1,US,13.43,4.06,0.59,inches,0.29,pounds,0.0186,cubic feet,Standard-Size,4.23,0,0.0168,25-Jan,7.1,weeks,0.78,0,0.26,0.0048,0.0155,0,USD,0.0155,--,N,N,0.047779698,FBA_NEW_SELECTION:0.0478,0.03
B0DHQ8QGQG,X004EJ051D,"KEOAMG Tie Rack Hanger for Closet, Sleek Tie Hangers for Men with 18 Upgraded Folding Hooks, Space-Saving Tie Holder Neck Tie Organizer for Men Ties, Belts, Bras, Scarves, Tank Tops (Black)",BHM1,US,13.43,4.49,0.71,inches,0.35,pounds,0.0248,cubic feet,Standard-Size,0.45,0,0,25-Jan,7.1,weeks,0.78,0,0,0,0,0,USD,0,--,N,N,0.008727662,FBA_NEW_SELECTION:0.0087,0
B0DHL54ZV4,X004EJ05W7,"KEOAMG Tie Rack Hanger for Closet, Upgraded Tie Hangers for Men with 18 Folding Hooks, Space Saving Tie Holder Neck Tie Organizer for Men Ties, Belts, Bras, Scarves, Tank Tops (Mahogany)",BHM1,US,13.43,4.06,0.59,inches,0.29,pounds,0.0186,cubic feet,Standard-Size,0.45,0,0.0084,25-Jan,7.1,weeks,0.78,0,0,0,0.01,0,USD,0.01,--,N,N,0,--,0
B0DHQ8QGQG,X004EJ051D,"KEOAMG Tie Rack Hanger for Closet, Sleek Tie Hangers for Men with 18 Upgraded Folding Hooks, Space-Saving Tie Holder Neck Tie Organizer for Men Ties, Belts, Bras, Scarves, Tank Tops (Black)",BNA3,US,13.43,4.49,0.71,inches,0.35,pounds,0.0248,cubic feet,Standard-Size,4.48,0,0.0432,25-Jan,7.1,weeks,0.78,0,1.58,0.0392,0.032,0,USD,0.032,--,N,N,0.052989375,FBA_NEW_SELECTION:0.053,0
B0DHL54ZV4,X004EJ05W7,"KEOAMG Tie Rack Hanger for Closet, Upgraded Tie Hangers for Men with 18 Folding Hooks, Space Saving Tie Holder Neck Tie Organizer for Men Ties, Belts, Bras, Scarves, Tank Tops (Mahogany)",BNA3,US,13.43,4.06,0.59,inches,0.29,pounds,0.0186,cubic feet,Standard-Size,0.58,0,0.0108,25-Jan,7.1,weeks,0.78,0,0,0,0.008,0,USD,0.008,--,N,N,0,--,0
B0BMF6VST8,X003IDW07X,"KEOAMG Over The Door Hooks, No Assembly Required Door Hanger Hook, Sturdy Over The Door Coat Rack, Over Door Hanger Door Hooks for Hanging Clothes, Towels, Hats, Matte Black",BOI2,US,17.48,4.29,3.7,inches,1.32,pounds,0.1606,cubic feet,Standard-Size,90.87,0,14.5443,25-Jan,7.1,weeks,0.78,0,90.58,14.5443,11.341,0,USD,11.341,--,N,N,0,--,0.29
B0D4MCXCC6,X0048XOI7H,"KEOAMG Over The Door Hooks, Over The Door Towel Rack for Bathroom, Sturdy Over The Door Hanger, Door Hanger Hook, Door Hooks for Hanging Clothes, Coats, Towels, White",BOI2,US,17.32,4.37,3.54,inches,1.3,pounds,0.1551,cubic feet,Standard-Size,0.35,0,0.05,25-Jan,7.1,weeks,0.78,0,0.32,0.05,0.039,0,USD,0.039,--,N,N,0,--,0.03
B0DHL54ZV4,X004EJ05W7,"KEOAMG Tie Rack Hanger for Closet, Upgraded Tie Hangers for Men with 18 Folding Hooks, Space Saving Tie Holder Neck Tie Organizer for Men Ties, Belts, Bras, Scarves, Tank Tops (Mahogany)",BOI2,US,13.43,4.06,0.59,inches,0.29,pounds,0.0186,cubic feet,Standard-Size,0.35,0,0,25-Jan,7.1,weeks,0.78,0,0,0,0,0,USD,0,--,N,N,0.004684284,FBA_NEW_SELECTION:0.0047,0.03
B0BMF6VST8,X003IDW07X,"KEOAMG Over The Door Hooks, No Assembly Required Door Hanger Hook, Sturdy Over The Door Coat Rack, Over Door Hanger Door Hooks for Hanging Clothes, Towels, Hats, Matte Black",BOS3,US,17.48,4.29,3.7,inches,1.32,pounds,0.1606,cubic feet,Standard-Size,2.32,0,0.3419,25-Jan,7.1,weeks,0.78,0,2.13,0.3419,0.2666,0,USD,0.2666,--,N,N,0,--,0.19
B0C538JL1X,X003TKCFCF,"KEOAMG 2 Pack Foldable Over The Door Hanger, No Assembly Required Door Hanger Hook, Sturdy Over The Door Coat Rack, Over The Door Hooks for Hanging Clothes, Towels, Hats, Matte Black",BOS3,US,17.6,4.17,3.9,inches,2.38,pounds,0.1656,cubic feet,Standard-Size,2.26,0,0.358,25-Jan,7.1,weeks,0.78,0,2.16,0.358,0.2821,0,USD,0.2821,--,N,N,0,--,0.1
B0D4MCXCC6,X0048XOI7H,"KEOAMG Over The Door Hooks, Over The Door Towel Rack for Bathroom, Sturdy Over The Door Hanger, Door Hanger Hook, Door Hooks for Hanging Clothes, Coats, Towels, White",BOS3,US,17.32,4.37,3.54,inches,1.3,pounds,0.1551,cubic feet,Standard-Size,0.26,0,0.04,25-Jan,7.1,weeks,0.78,0,0.26,0.04,0.0312,0,USD,0.0312,--,N,N,0,--,0
B0D4MCXCC6,X0048XOI7H,"KEOAMG Over The Door Hooks, Over The Door Towel Rack for Bathroom, Sturdy Over The Door Hanger, Door Hanger Hook, Door Hooks for Hanging Clothes, Coats, Towels, White",BTR1,US,17.32,4.37,3.54,inches,1.3,pounds,0.1551,cubic feet,Standard-Size,1,0,0.1551,25-Jan,7.1,weeks,0.78,0,0.97,0.1501,0.1171,0,USD,0.1171,--,N,N,0,--,0
B0DHQ8QGQG,X004EJ051D,"KEOAMG Tie Rack Hanger for Closet, Sleek Tie Hangers for Men with 18 Upgraded Folding Hooks, Space-Saving Tie Holder Neck Tie Organizer for Men Ties, Belts, Bras, Scarves, Tank Tops (Black)",BTR1,US,13.43,4.49,0.71,inches,0.35,pounds,0.0248,cubic feet,Standard-Size,0.9,0,0.0064,25-Jan,7.1,weeks,0.78,0,0.23,0.0056,0.0048,0,USD,0.0048,--,N,N,0.012468088,FBA_NEW_SELECTION:0.0125,0
B0DHL54ZV4,X004EJ05W7,"KEOAMG Tie Rack Hanger for Closet, Upgraded Tie Hangers for Men with 18 Folding Hooks, Space Saving Tie Holder Neck Tie Organizer for Men Ties, Belts, Bras, Scarves, Tank Tops (Mahogany)",BTR1,US,13.43,4.06,0.59,inches,0.29,pounds,0.0186,cubic feet,Standard-Size,0.58,0,0.0108,25-Jan,7.1,weeks,0.78,0,0,0,0.0081,0,USD,0.0081,--,N,N,0,--,0
B0C538JL1X,X003TKCFCF,"KEOAMG 2 Pack Foldable Over The Door Hanger, No Assembly Required Door Hanger Hook, Sturdy Over The Door Coat Rack, Over The Door Hooks for Hanging Clothes, Towels, Hats, Matte Black",BWI2,US,17.6,4.17,3.9,inches,2.38,pounds,0.1656,cubic feet,Standard-Size,0.03,0,0.0053,25-Jan,7.1,weeks,0.78,0,0.03,0.0053,0.0035,0,USD,0.0035,--,N,N,0,--,0
B0D4MCXCC6,X0048XOI7H,"KEOAMG Over The Door Hooks, Over The Door Towel Rack for Bathroom, Sturdy Over The Door Hanger, Door Hanger Hook, Door Hooks for Hanging Clothes, Coats, Towels, White",BWI2,US,17.32,4.37,3.54,inches,1.3,pounds,0.1551,cubic feet,Standard-Size,0.16,0,0.025,25-Jan,7.1,weeks,0.78,0,0.16,0.025,0.0161,0,USD,0.0161,--,N,N,0,--,0
B0DHL54ZV4,X004EJ05W7,"KEOAMG Tie Rack Hanger for Closet, Upgraded Tie Hangers for Men with 18 Folding Hooks, Space Saving Tie Holder Neck Tie Organizer for Men Ties, Belts, Bras, Scarves, Tank Tops (Mahogany)",BWI2,US,13.43,4.06,0.59,inches,0.29,pounds,0.0186,cubic feet,Standard-Size,0.03,0,6.00E-04,25-Jan,7.1,weeks,0.78,0,0.03,6.00E-04,4.00E-04,0,USD,4.00E-04,--,N,N,0,--,0
B0D4MCXCC6,X0048XOI7H,"KEOAMG Over The Door Hooks, Over The Door Towel Rack for Bathroom, Sturdy Over The Door Hanger, Door Hanger Hook, Door Hooks for Hanging Clothes, Coats, Towels, White",CAE1,US,17.32,4.37,3.54,inches,1.3,pounds,0.1551,cubic feet,Standard-Size,0.23,0,0.035,25-Jan,7.1,weeks,0.78,0,0.23,0.035,0.0276,0,USD,0.0276,--,N,N,0,--,0
B0DHQ8QGQG,X004EJ051D,"KEOAMG Tie Rack Hanger for Closet, Sleek Tie Hangers for Men with 18 Upgraded Folding Hooks, Space-Saving Tie Holder Neck Tie Organizer for Men Ties, Belts, Bras, Scarves, Tank Tops (Black)",CAE1,US,13.43,4.49,0.71,inches,0.35,pounds,0.0248,cubic feet,Standard-Size,0.35,0,0.0024,25-Jan,7.1,weeks,0.78,0,0.06,0.0016,0.0019,0,USD,0.0019,--,N,N,0.004987235,FBA_NEW_SELECTION:0.005,0
B0DHL54ZV4,X004EJ05W7,"KEOAMG Tie Rack Hanger for Closet, Upgraded Tie Hangers for Men with 18 Folding Hooks, Space Saving Tie Holder Neck Tie Organizer for Men Ties, Belts, Bras, Scarves, Tank Tops (Mahogany)",CAE1,US,13.43,4.06,0.59,inches,0.29,pounds,0.0186,cubic feet,Standard-Size,0.16,0,6.00E-04,25-Jan,7.1,weeks,0.78,0,0.03,6.00E-04,5.00E-04,0,USD,5.00E-04,--,N,N,0,--,0.13
B0D4MCXCC6,X0048XOI7H,"KEOAMG Over The Door Hooks, Over The Door Towel Rack for Bathroom, Sturdy Over The Door Hanger, Door Hanger Hook, Door Hooks for Hanging Clothes, Coats, Towels, White",CHA1,US,17.32,4.37,3.54,inches,1.3,pounds,0.1551,cubic feet,Standard-Size,0.06,0,0.01,25-Jan,7.1,weeks,0.78,0,0.06,0.01,0.01,0,USD,0.01,--,N,N,0,--,0
B0BMF6VST8,X003IDW07X,"KEOAMG Over The Door Hooks, No Assembly Required Door Hanger Hook, Sturdy Over The Door Coat Rack, Over Door Hanger Door Hooks for Hanging Clothes, Towels, Hats, Matte Black",CLE2,US,17.48,4.29,3.7,inches,1.32,pounds,0.1606,cubic feet,Standard-Size,4.77,0,0.7666,25-Jan,7.1,weeks,0.78,0,4.77,0.7666,0.5979,0,USD,0.5979,--,N,N,0,--,0
B0D4MCXCC6,X0048XOI7H,"KEOAMG Over The Door Hooks, Over The Door Towel Rack for Bathroom, Sturdy Over The Door Hanger, Door Hanger Hook, Door Hooks for Hanging Clothes, Coats, Towels, White",CLE2,US,17.32,4.37,3.54,inches,1.3,pounds,0.1551,cubic feet,Standard-Size,6.9,0,1.0504,25-Jan,7.1,weeks,0.78,0,6.77,1.0504,0.8221,0,USD,0.8221,--,N,N,0,--,0.13
B0BMF6VST8,X003IDW07X,"KEOAMG Over The Door Hooks, No Assembly Required Door Hanger Hook, Sturdy Over The Door Coat Rack, Over Door Hanger Door Hooks for Hanging Clothes, Towels, Hats, Matte Black",CLE3,US,17.48,4.29,3.7,inches,1.32,pounds,0.1606,cubic feet,Standard-Size,1.1,0,0.145,25-Jan,7.1,weeks,0.78,0,0.9,0.145,0.1138,0,USD,0.1138,--,N,N,0,--,0.19
B0C538JL1X,X003TKCFCF,"KEOAMG 2 Pack Foldable Over The Door Hanger, No Assembly Required Door Hanger Hook, Sturdy Over The Door Coat Rack, Over The Door Hooks for Hanging Clothes, Towels, Hats, Matte Black",CLE3,US,17.6,4.17,3.9,inches,2.38,pounds,0.1656,cubic feet,Standard-Size,0.1,0,0.016,25-Jan,7.1,weeks,0.78,0,0.1,0.016,0.0125,0,USD,0.0125,--,N,N,0,--,0
B0DHQ8QGQG,X004EJ051D,"KEOAMG Tie Rack Hanger for Closet, Sleek Tie Hangers for Men with 18 Upgraded Folding Hooks, Space-Saving Tie Holder Neck Tie Organizer for Men Ties, Belts, Bras, Scarves, Tank Tops (Black)",CLE3,US,13.43,4.49,0.71,inches,0.35,pounds,0.0248,cubic feet,Standard-Size,1.48,0,0.0176,25-Jan,7.1,weeks,0.78,0,0.65,0.016,0.0137,0,USD,0.0137,--,N,N,0.014961706,FBA_NEW_SELECTION:0.015,0
B0DDXB7T2H,X004DAC1AV,"2Pack Tie Rack Wall Mounted, Wooden Tie Hanger Tie Organizer for Men with 28 Folding Hooks, Space Saving Tie Holder and Belt Rack for Closet Wall Mount (Black)",CLT2,US,14.25,4.02,0.75,inches,0.79,pounds,0.0249,cubic feet,Standard-Size,4.26,0,0,25-Jan,7.1,weeks,0.78,0,0,0,0,0,USD,0,--,N,N,0.082578175,FBA_NEW_SELECTION:0.0826,0
B0DHL54ZV4,X004EJ05W7,"KEOAMG Tie Rack Hanger for Closet, Upgraded Tie Hangers for Men with 18 Folding Hooks, Space Saving Tie Holder Neck Tie Organizer for Men Ties, Belts, Bras, Scarves, Tank Tops (Mahogany)",CLT2,US,13.43,4.06,0.59,inches,0.29,pounds,0.0186,cubic feet,Standard-Size,8.45,0,0.1573,25-Jan,7.1,weeks,0.78,0,0.48,0.009,0.12,0,USD,0.12,--,N,N,0,--,0
B0BMF6VST8,X003IDW07X,"KEOAMG Over The Door Hooks, No Assembly Required Door Hanger Hook, Sturdy Over The Door Coat Rack, Over Door Hanger Door Hooks for Hanging Clothes, Towels, Hats, Matte Black",CMH1,US,17.48,4.29,3.7,inches,1.32,pounds,0.1606,cubic feet,Standard-Size,0.1,0,0.0104,25-Jan,7.1,weeks,0.78,0,0.06,0.0104,0.01,0,USD,0.01,--,N,N,0,--,0.03
B0C538JL1X,X003TKCFCF,"KEOAMG 2 Pack Foldable Over The Door Hanger, No Assembly Required Door Hanger Hook, Sturdy Over The Door Coat Rack, Over The Door Hooks for Hanging Clothes, Towels, Hats, Matte Black",CMH1,US,17.6,4.17,3.9,inches,2.38,pounds,0.1656,cubic feet,Standard-Size,0.06,0,0.0053,25-Jan,7.1,weeks,0.78,0,0.03,0.0053,0.0052,0,USD,0.0052,--,N,N,0,--,0.03
B0D4MCXCC6,X0048XOI7H,"KEOAMG Over The Door Hooks, Over The Door Towel Rack for Bathroom, Sturdy Over The Door Hanger, Door Hanger Hook, Door Hooks for Hanging Clothes, Coats, Towels, White",CMH1,US,17.32,4.37,3.54,inches,1.3,pounds,0.1551,cubic feet,Standard-Size,0.03,0,0.005,25-Jan,7.1,weeks,0.78,0,0.03,0.005,0.0049,0,USD,0.0049,--,N,N,0,--,0
B0DDX41KTY,X004DA8SY9,"KEOAMG 2Pack Tie Rack Wall Mounted, Wooden Tie Hanger Tie Organizer for Men with 28 Folding Hooks, Space Saving Tie Holder and Belt Rack for Closet Wall Mount (White)",CMH1,US,14.5,2,0.5,inches,0.74,pounds,0.0084,cubic feet,Standard-Size,0.03,0,0,25-Jan,7.1,weeks,0.78,0,0,0,0,0,USD,0,--,N,N,2.11E-04,FBA_NEW_SELECTION:2.0E-4,0
B0BMF6VST8,X003IDW07X,"KEOAMG Over The Door Hooks, No Assembly Required Door Hanger Hook, Sturdy Over The Door Coat Rack, Over Door Hanger Door Hooks for Hanging Clothes, Towels, Hats, Matte Black",CMH4,US,17.48,4.29,3.7,inches,1.32,pounds,0.1606,cubic feet,Standard-Size,0.55,0,0.0673,25-Jan,7.1,weeks,0.78,0,0.42,0.0673,0.05,0,USD,0.05,--,N,N,0,--,0.16
B0DDXB7T2H,X004DAC1AV,"2Pack Tie Rack Wall Mounted, Wooden Tie Hanger Tie Organizer for Men with 28 Folding Hooks, Space Saving Tie Holder and Belt Rack for Closet Wall Mount (Black)",CSG1,US,14.25,4.02,0.75,inches,0.79,pounds,0.0249,cubic feet,Standard-Size,1.42,0,0,25-Jan,7.1,weeks,0.78,0,0,0,0,0,USD,0,--,N,N,0.027526058,FBA_NEW_SELECTION:0.0275,0
B0DHL54ZV4,X004EJ05W7,"KEOAMG Tie Rack Hanger for Closet, Upgraded Tie Hangers for Men with 18 Folding Hooks, Space Saving Tie Holder Neck Tie Organizer for Men Ties, Belts, Bras, Scarves, Tank Tops (Mahogany)",CSG1,US,13.43,4.06,0.59,inches,0.29,pounds,0.0186,cubic feet,Standard-Size,0.1,0,0.0018,25-Jan,7.1,weeks,0.78,0,0,0,0,0,USD,0,--,N,N,0,--,0
B0DDXB7T2H,X004DAC1AV,"2Pack Tie Rack Wall Mounted, Wooden Tie Hanger Tie Organizer for Men with 28 Folding Hooks, Space Saving Tie Holder and Belt Rack for Closet Wall Mount (Black)",DAL2,US,14.25,4.02,0.75,inches,0.79,pounds,0.0249,cubic feet,Standard-Size,46,0,0,25-Jan,7.1,weeks,0.78,0,0,0,0,0,USD,0,--,N,N,0.892094531,FBA_NEW_SELECTION:0.8921,0
B0BMF6VST8,X003IDW07X,"KEOAMG Over The Door Hooks, No Assembly Required Door Hanger Hook, Sturdy Over The Door Coat Rack, Over Door Hanger Door Hooks for Hanging Clothes, Towels, Hats, Matte Black",DAL3,US,17.48,4.29,3.7,inches,1.32,pounds,0.1606,cubic feet,Standard-Size,0.1,0,0.0155,25-Jan,7.1,weeks,0.78,0,0.1,0.0155,0.01,0,USD,0.01,--,N,N,0,--,0
B0DHL54ZV4,X004EJ05W7,"KEOAMG Tie Rack Hanger for Closet, Upgraded Tie Hangers for Men with 18 Folding Hooks, Space Saving Tie Holder Neck Tie Organizer for Men Ties, Belts, Bras, Scarves, Tank Tops (Mahogany)",DAL3,US,13.43,4.06,0.59,inches,0.29,pounds,0.0186,cubic feet,Standard-Size,0.13,0,0,25-Jan,7.1,weeks,0.78,0,0,0,0,0,USD,0,--,N,N,0.001405285,FBA_NEW_SELECTION:0.0014,0.03
B0BMF6VST8,X003IDW07X,"KEOAMG Over The Door Hooks, No Assembly Required Door Hanger Hook, Sturdy Over The Door Coat Rack, Over Door Hanger Door Hooks for Hanging Clothes, Towels, Hats, Matte Black",DCA1,US,17.48,4.29,3.7,inches,1.32,pounds,0.1606,cubic feet,Standard-Size,4,0,0.5542,25-Jan,7.1,weeks,0.78,0,3.45,0.5542,0.4312,0,USD,0.4312,--,N,N,0,--,0.55
B0C538JL1X,X003TKCFCF,"KEOAMG 2 Pack Foldable Over The Door Hanger, No Assembly Required Door Hanger Hook, Sturdy Over The Door Coat Rack, Over The Door Hooks for Hanging Clothes, Towels, Hats, Matte Black",DCA1,US,17.6,4.17,3.9,inches,2.38,pounds,0.1656,cubic feet,Standard-Size,0.23,0,0.0107,25-Jan,7.1,weeks,0.78,0,0.06,0.0107,0.0083,0,USD,0.0083,--,N,N,0,--,0.19
B0DHL54ZV4,X004EJ05W7,"KEOAMG Tie Rack Hanger for Closet, Upgraded Tie Hangers for Men with 18 Folding Hooks, Space Saving Tie Holder Neck Tie Organizer for Men Ties, Belts, Bras, Scarves, Tank Tops (Mahogany)",DCA1,US,13.43,4.06,0.59,inches,0.29,pounds,0.0186,cubic feet,Standard-Size,0.13,0,6.00E-04,25-Jan,7.1,weeks,0.78,0,0.03,6.00E-04,5.00E-04,0,USD,5.00E-04,--,N,N,0,--,0.1
B0BMF6VST8,X003IDW07X,"KEOAMG Over The Door Hooks, No Assembly Required Door Hanger Hook, Sturdy Over The Door Coat Rack, Over Door Hanger Door Hooks for Hanging Clothes, Towels, Hats, Matte Black",DEN3,US,17.48,4.29,3.7,inches,1.32,pounds,0.1606,cubic feet,Standard-Size,1.19,0,0.1606,25-Jan,7.1,weeks,0.78,0,1,0.1606,0.13,0,USD,0.13,--,N,N,0,--,0.19
B0BMF6VST8,X003IDW07X,"KEOAMG Over The Door Hooks, No Assembly Required Door Hanger Hook, Sturdy Over The Door Coat Rack, Over Door Hanger Door Hooks for Hanging Clothes, Towels, Hats, Matte Black",DEN4,US,17.48,4.29,3.7,inches,1.32,pounds,0.1606,cubic feet,Standard-Size,4,0,0.6164,25-Jan,7.1,weeks,0.78,0,3.84,0.6164,0.4816,0,USD,0.4816,--,N,N,0,--,0.16
B0C538JL1X,X003TKCFCF,"KEOAMG 2 Pack Foldable Over The Door Hanger, No Assembly Required Door Hanger Hook, Sturdy Over The Door Coat Rack, Over The Door Hooks for Hanging Clothes, Towels, Hats, Matte Black",DEN4,US,17.6,4.17,3.9,inches,2.38,pounds,0.1656,cubic feet,Standard-Size,1.74,0,0.2672,25-Jan,7.1,weeks,0.78,0,1.61,0.2672,0.2084,0,USD,0.2084,--,N,N,0,--,0.13
B0BMF6VST8,X003IDW07X,"KEOAMG Over The Door Hooks, No Assembly Required Door Hanger Hook, Sturdy Over The Door Coat Rack, Over Door Hanger Door Hooks for Hanging Clothes, Towels, Hats, Matte Black",DET3,US,17.48,4.29,3.7,inches,1.32,pounds,0.1606,cubic feet,Standard-Size,0.1,0,0.0052,25-Jan,7.1,weeks,0.78,0,0.03,0.0052,0.0047,0,USD,0.0047,--,N,N,0,--,0.06
B0DHQ8QGQG,X004EJ051D,"KEOAMG Tie Rack Hanger for Closet, Sleek Tie Hangers for Men with 18 Upgraded Folding Hooks, Space-Saving Tie Holder Neck Tie Organizer for Men Ties, Belts, Bras, Scarves, Tank Tops (Black)",DET3,US,13.43,4.49,0.71,inches,0.35,pounds,0.0248,cubic feet,Standard-Size,2.77,0,0.0272,25-Jan,7.1,weeks,0.78,0,0.84,0.0208,0.0247,0,USD,0.0247,--,N,N,0.03241703,FBA_NEW_SELECTION:0.0324,0
B0DHL54ZV4,X004EJ05W7,"KEOAMG Tie Rack Hanger for Closet, Upgraded Tie Hangers for Men with 18 Folding Hooks, Space Saving Tie Holder Neck Tie Organizer for Men Ties, Belts, Bras, Scarves, Tank Tops (Mahogany)",DET3,US,13.43,4.06,0.59,inches,0.29,pounds,0.0186,cubic feet,Standard-Size,0.03,0,6.00E-04,25-Jan,7.1,weeks,0.78,0,0,0,5.00E-04,0,USD,5.00E-04,--,N,N,0,--,0
B0BMF6VST8,X003IDW07X,"KEOAMG Over The Door Hooks, No Assembly Required Door Hanger Hook, Sturdy Over The Door Coat Rack, Over Door Hanger Door Hooks for Hanging Clothes, Towels, Hats, Matte Black",DET6,US,17.48,4.29,3.7,inches,1.32,pounds,0.1606,cubic feet,Standard-Size,1.19,0,0.1606,25-Jan,7.1,weeks,0.78,0,1,0.1606,0.1278,0,USD,0.1278,--,N,N,0,--,0.29
B0C538JL1X,X003TKCFCF,"KEOAMG 2 Pack Foldable Over The Door Hanger, No Assembly Required Door Hanger Hook, Sturdy Over The Door Coat Rack, Over The Door Hooks for Hanging Clothes, Towels, Hats, Matte Black",DET6,US,17.6,4.17,3.9,inches,2.38,pounds,0.1656,cubic feet,Standard-Size,0.35,0,0.0534,25-Jan,7.1,weeks,0.78,0,0.32,0.0534,0.0422,0,USD,0.0422,--,N,N,0,--,0.03
B0BMF6VST8,X003IDW07X,"KEOAMG Over The Door Hooks, No Assembly Required Door Hanger Hook, Sturdy Over The Door Coat Rack, Over Door Hanger Door Hooks for Hanging Clothes, Towels, Hats, Matte Black",DFW7,US,17.48,4.29,3.7,inches,1.32,pounds,0.1606,cubic feet,Standard-Size,0.13,0,0.0207,25-Jan,7.1,weeks,0.78,0,0.13,0.0207,0.0167,0,USD,0.0167,--,N,N,0,--,0
B0C538JL1X,X003TKCFCF,"KEOAMG 2 Pack Foldable Over The Door Hanger, No Assembly Required Door Hanger Hook, Sturdy Over The Door Coat Rack, Over The Door Hooks for Hanging Clothes, Towels, Hats, Matte Black",DFW7,US,17.6,4.17,3.9,inches,2.38,pounds,0.1656,cubic feet,Standard-Size,0.16,0,0.016,25-Jan,7.1,weeks,0.78,0,0.1,0.016,0.0128,0,USD,0.0128,--,N,N,0,--,0.06
B0DHL54ZV4,X004EJ05W7,"KEOAMG Tie Rack Hanger for Closet, Upgraded Tie Hangers for Men with 18 Folding Hooks, Space Saving Tie Holder Neck Tie Organizer for Men Ties, Belts, Bras, Scarves, Tank Tops (Mahogany)",DFW7,US,13.43,4.06,0.59,inches,0.29,pounds,0.0186,cubic feet,Standard-Size,0.03,0,6.00E-04,25-Jan,7.1,weeks,0.78,0,0,0,5.00E-04,0,USD,5.00E-04,--,N,N,0,--,0
B0BMF6VST8,X003IDW07X,"KEOAMG Over The Door Hooks, No Assembly Required Door Hanger Hook, Sturdy Over The Door Coat Rack, Over Door Hanger Door Hooks for Hanging Clothes, Towels, Hats, Matte Black",DSM5,US,17.48,4.29,3.7,inches,1.32,pounds,0.1606,cubic feet,Standard-Size,0.16,0,0.0207,25-Jan,7.1,weeks,0.78,0,0.13,0.0207,0.02,0,USD,0.02,--,N,N,0,--,0.03
B0BMF6VST8,X003IDW07X,"KEOAMG Over The Door Hooks, No Assembly Required Door Hanger Hook, Sturdy Over The Door Coat Rack, Over Door Hanger Door Hooks for Hanging Clothes, Towels, Hats, Matte Black",DTW1,US,17.48,4.29,3.7,inches,1.32,pounds,0.1606,cubic feet,Standard-Size,3.52,0,0.5283,25-Jan,7.1,weeks,0.78,0,3.29,0.5283,0.4132,0,USD,0.4132,--,N,N,0,--,0.23
B0D4MCXCC6,X0048XOI7H,"KEOAMG Over The Door Hooks, Over The Door Towel Rack for Bathroom, Sturdy Over The Door Hanger, Door Hanger Hook, Door Hooks for Hanging Clothes, Coats, Towels, White",DTW1,US,17.32,4.37,3.54,inches,1.3,pounds,0.1551,cubic feet,Standard-Size,0.03,0,0.005,25-Jan,7.1,weeks,0.78,0,0.03,0.005,0.0039,0,USD,0.0039,--,N,N,0,--,0
B0DDXB7T2H,X004DAC1AV,"2Pack Tie Rack Wall Mounted, Wooden Tie Hanger Tie Organizer for Men with 28 Folding Hooks, Space Saving Tie Holder and Belt Rack for Closet Wall Mount (Black)",DTW1,US,14.25,4.02,0.75,inches,0.79,pounds,0.0249,cubic feet,Standard-Size,39.87,0,0.1163,25-Jan,7.1,weeks,0.78,0,0,0,0.0907,0,USD,0.0907,--,N,N,0.682521132,FBA_NEW_SELECTION:0.6825,0
B0DHQ8QGQG,X004EJ051D,"KEOAMG Tie Rack Hanger for Closet, Sleek Tie Hangers for Men with 18 Upgraded Folding Hooks, Space-Saving Tie Holder Neck Tie Organizer for Men Ties, Belts, Bras, Scarves, Tank Tops (Black)",DTW1,US,13.43,4.49,0.71,inches,0.35,pounds,0.0248,cubic feet,Standard-Size,14.26,0,0.1694,25-Jan,7.1,weeks,0.78,0,5.48,0.1359,0.1322,0,USD,0.1322,--,N,N,0.143383015,FBA_NEW_SELECTION:0.1434,0
B0BMF6VST8,X003IDW07X,"KEOAMG Over The Door Hooks, No Assembly Required Door Hanger Hook, Sturdy Over The Door Coat Rack, Over Door Hanger Door Hooks for Hanging Clothes, Towels, Hats, Matte Black",EWR4,US,17.48,4.29,3.7,inches,1.32,pounds,0.1606,cubic feet,Standard-Size,1.52,0,0.2072,25-Jan,7.1,weeks,0.78,0,1.29,0.2072,0.1584,0,USD,0.1584,--,N,N,0,--,0.23
B0D4MCXCC6,X0048XOI7H,"KEOAMG Over The Door Hooks, Over The Door Towel Rack for Bathroom, Sturdy Over The Door Hanger, Door Hanger Hook, Door Hooks for Hanging Clothes, Coats, Towels, White",EWR4,US,17.32,4.37,3.54,inches,1.3,pounds,0.1551,cubic feet,Standard-Size,0.13,0,0.015,25-Jan,7.1,weeks,0.78,0,0.1,0.015,0.0116,0,USD,0.0116,--,N,N,0,--,0.03
B0BMF6VST8,X003IDW07X,"KEOAMG Over The Door Hooks, No Assembly Required Door Hanger Hook, Sturdy Over The Door Coat Rack, Over Door Hanger Door Hooks for Hanging Clothes, Towels, Hats, Matte Black",EWR7,US,17.48,4.29,3.7,inches,1.32,pounds,0.1606,cubic feet,Standard-Size,0.03,0,0.0052,25-Jan,7.1,weeks,0.78,0,0.03,0.0052,0,0,USD,0,--,N,N,0,--,0
B0D4MCXCC6,X0048XOI7H,"KEOAMG Over The Door Hooks, Over The Door Towel Rack for Bathroom, Sturdy Over The Door Hanger, Door Hanger Hook, Door Hooks for Hanging Clothes, Coats, Towels, White",EWR9,US,17.32,4.37,3.54,inches,1.3,pounds,0.1551,cubic feet,Standard-Size,0.03,0,0.005,25-Jan,7.1,weeks,0.78,0,0.03,0.005,0,0,USD,0,--,N,N,0,--,0
B0BMF6VST8,X003IDW07X,"KEOAMG Over The Door Hooks, No Assembly Required Door Hanger Hook, Sturdy Over The Door Coat Rack, Over Door Hanger Door Hooks for Hanging Clothes, Towels, Hats, Matte Black",FAT1,US,17.48,4.29,3.7,inches,1.32,pounds,0.1606,cubic feet,Standard-Size,5.65,0,0.9012,25-Jan,7.1,weeks,0.78,0,5.61,0.9012,0.7011,0,USD,0.7011,--,N,N,0,--,0.03
B0D4MCXCC6,X0048XOI7H,"KEOAMG Over The Door Hooks, Over The Door Towel Rack for Bathroom, Sturdy Over The Door Hanger, Door Hanger Hook, Door Hooks for Hanging Clothes, Coats, Towels, White",FAT1,US,17.32,4.37,3.54,inches,1.3,pounds,0.1551,cubic feet,Standard-Size,0.1,0,0.015,25-Jan,7.1,weeks,0.78,0,0.1,0.015,0.0117,0,USD,0.0117,--,N,N,0,--,0
B0DHL54ZV4,X004EJ05W7,"KEOAMG Tie Rack Hanger for Closet, Upgraded Tie Hangers for Men with 18 Folding Hooks, Space Saving Tie Holder Neck Tie Organizer for Men Ties, Belts, Bras, Scarves, Tank Tops (Mahogany)",FAT1,US,13.43,4.06,0.59,inches,0.29,pounds,0.0186,cubic feet,Standard-Size,3.65,0,0.0348,25-Jan,7.1,weeks,0.78,0,0.61,0.0114,0.0272,0,USD,0.0272,--,N,N,0.025763563,FBA_NEW_SELECTION:0.0258,0
B0BMF6VST8,X003IDW07X,"KEOAMG Over The Door Hooks, No Assembly Required Door Hanger Hook, Sturdy Over The Door Coat Rack, Over Door Hanger Door Hooks for Hanging Clothes, Towels, Hats, Matte Black",FSD1,US,17.48,4.29,3.7,inches,1.32,pounds,0.1606,cubic feet,Standard-Size,0.39,0,0.0259,25-Jan,7.1,weeks,0.78,0,0.16,0.0259,0.02,0,USD,0.02,--,N,N,0,--,0.23
B0DHL54ZV4,X004EJ05W7,"KEOAMG Tie Rack Hanger for Closet, Upgraded Tie Hangers for Men with 18 Folding Hooks, Space Saving Tie Holder Neck Tie Organizer for Men Ties, Belts, Bras, Scarves, Tank Tops (Mahogany)",FTW6,US,13.43,4.06,0.59,inches,0.29,pounds,0.0186,cubic feet,Standard-Size,0.03,0,6.00E-04,25-Jan,7.1,weeks,0.78,0,0,0,0,0,USD,0,--,N,N,0,--,0
B0DHQ8QGQG,X004EJ051D,"KEOAMG Tie Rack Hanger for Closet, Sleek Tie Hangers for Men with 18 Upgraded Folding Hooks, Space-Saving Tie Holder Neck Tie Organizer for Men Ties, Belts, Bras, Scarves, Tank Tops (Black)",FWA4,US,13.43,4.49,0.71,inches,0.35,pounds,0.0248,cubic feet,Standard-Size,3.42,0,0,25-Jan,7.1,weeks,0.78,0,0,0,0,0,USD,0,--,N,N,0.066080868,FBA_NEW_SELECTION:0.0661,0
B0BMF6VST8,X003IDW07X,"KEOAMG Over The Door Hooks, No Assembly Required Door Hanger Hook, Sturdy Over The Door Coat Rack, Over Door Hanger Door Hooks for Hanging Clothes, Towels, Hats, Matte Black",FWA6,US,17.48,4.29,3.7,inches,1.32,pounds,0.1606,cubic feet,Standard-Size,0.06,0,0.0052,25-Jan,7.1,weeks,0.78,0,0.03,0.0052,0.004,0,USD,0.004,--,N,N,0,--,0.03
B0C538JL1X,X003TKCFCF,"KEOAMG 2 Pack Foldable Over The Door Hanger, No Assembly Required Door Hanger Hook, Sturdy Over The Door Coat Rack, Over The Door Hooks for Hanging Clothes, Towels, Hats, Matte Black",FWA6,US,17.6,4.17,3.9,inches,2.38,pounds,0.1656,cubic feet,Standard-Size,0.48,0,0.0748,25-Jan,7.1,weeks,0.78,0,0.45,0.0748,0.0576,0,USD,0.0576,--,N,N,0,--,0.03
B0D4MCXCC6,X0048XOI7H,"KEOAMG Over The Door Hooks, Over The Door Towel Rack for Bathroom, Sturdy Over The Door Hanger, Door Hanger Hook, Door Hooks for Hanging Clothes, Coats, Towels, White",FWA6,US,17.32,4.37,3.54,inches,1.3,pounds,0.1551,cubic feet,Standard-Size,0.55,0,0.085,25-Jan,7.1,weeks,0.78,0,0.42,0.065,0.0661,0,USD,0.0661,--,N,N,0,--,0
B0DHQ8QGQG,X004EJ051D,"KEOAMG Tie Rack Hanger for Closet, Sleek Tie Hangers for Men with 18 Upgraded Folding Hooks, Space-Saving Tie Holder Neck Tie Organizer for Men Ties, Belts, Bras, Scarves, Tank Tops (Black)",FWA6,US,13.43,4.49,0.71,inches,0.35,pounds,0.0248,cubic feet,Standard-Size,0.84,0,0,25-Jan,7.1,weeks,0.78,0,0,0,0,0,USD,0,--,N,N,0.016208515,FBA_NEW_SELECTION:0.0162,0
B0DHL54ZV4,X004EJ05W7,"KEOAMG Tie Rack Hanger for Closet, Upgraded Tie Hangers for Men with 18 Folding Hooks, Space Saving Tie Holder Neck Tie Organizer for Men Ties, Belts, Bras, Scarves, Tank Tops (Mahogany)",FWA6,US,13.43,4.06,0.59,inches,0.29,pounds,0.0186,cubic feet,Standard-Size,0.16,0,0.003,25-Jan,7.1,weeks,0.78,0,0,0,0.0023,0,USD,0.0023,--,N,N,0,--,0
B0BMF6VST8,X003IDW07X,"KEOAMG Over The Door Hooks, No Assembly Required Door Hanger Hook, Sturdy Over The Door Coat Rack, Over Door Hanger Door Hooks for Hanging Clothes, Towels, Hats, Matte Black",GEG1,US,17.48,4.29,3.7,inches,1.32,pounds,0.1606,cubic feet,Standard-Size,6.94,0,1.1084,25-Jan,7.1,weeks,0.78,0,6.9,1.1084,0.8676,0,USD,0.8676,--,N,N,0,--,0.03
B0D4MCXCC6,X0048XOI7H,"KEOAMG Over The Door Hooks, Over The Door Towel Rack for Bathroom, Sturdy Over The Door Hanger, Door Hanger Hook, Door Hooks for Hanging Clothes, Coats, Towels, White",GEG1,US,17.32,4.37,3.54,inches,1.3,pounds,0.1551,cubic feet,Standard-Size,0.39,0,0.06,25-Jan,7.1,weeks,0.78,0,0.39,0.06,0.0468,0,USD,0.0468,--,N,N,0,--,0
B0DHL54ZV4,X004EJ05W7,"KEOAMG Tie Rack Hanger for Closet, Upgraded Tie Hangers for Men with 18 Folding Hooks, Space Saving Tie Holder Neck Tie Organizer for Men Ties, Belts, Bras, Scarves, Tank Tops (Mahogany)",GEG1,US,13.43,4.06,0.59,inches,0.29,pounds,0.0186,cubic feet,Standard-Size,1.39,0,0.0072,25-Jan,7.1,weeks,0.78,0,0.13,0.0024,0.0056,0,USD,0.0056,--,N,N,0.014052852,FBA_NEW_SELECTION:0.0141,0.03
B0DHQ8QGQG,X004EJ051D,"KEOAMG Tie Rack Hanger for Closet, Sleek Tie Hangers for Men with 18 Upgraded Folding Hooks, Space-Saving Tie Holder Neck Tie Organizer for Men Ties, Belts, Bras, Scarves, Tank Tops (Black)",GRR1,US,13.43,4.49,0.71,inches,0.35,pounds,0.0248,cubic feet,Standard-Size,0.84,0,0.0104,25-Jan,7.1,weeks,0.78,0,0.32,0.008,0.01,0,USD,0.01,--,N,N,0.008104257,FBA_NEW_SELECTION:0.0081,0
B0BMF6VST8,X003IDW07X,"KEOAMG Over The Door Hooks, No Assembly Required Door Hanger Hook, Sturdy Over The Door Coat Rack, Over Door Hanger Door Hooks for Hanging Clothes, Towels, Hats, Matte Black",GYR1,US,17.48,4.29,3.7,inches,1.32,pounds,0.1606,cubic feet,Standard-Size,0.06,0,0.0104,25-Jan,7.1,weeks,0.78,0,0.06,0.0104,0.008,0,USD,0.008,--,N,N,0,--,0
B0DHQ8QGQG,X004EJ051D,"KEOAMG Tie Rack Hanger for Closet, Sleek Tie Hangers for Men with 18 Upgraded Folding Hooks, Space-Saving Tie Holder Neck Tie Organizer for Men Ties, Belts, Bras, Scarves, Tank Tops (Black)",GYR1,US,13.43,4.49,0.71,inches,0.35,pounds,0.0248,cubic feet,Standard-Size,25.45,0,0.3876,25-Jan,7.1,weeks,0.78,0,9.68,0.2398,0.298,0,USD,0.298,--,N,N,0.188891538,FBA_NEW_SELECTION:0.1889,0.03
B0DHL54ZV4,X004EJ05W7,"KEOAMG Tie Rack Hanger for Closet, Upgraded Tie Hangers for Men with 18 Folding Hooks, Space Saving Tie Holder Neck Tie Organizer for Men Ties, Belts, Bras, Scarves, Tank Tops (Mahogany)",GYR1,US,13.43,4.06,0.59,inches,0.29,pounds,0.0186,cubic feet,Standard-Size,3.81,0,0.0312,25-Jan,7.1,weeks,0.78,0,0.74,0.0138,0.024,0,USD,0.024,--,N,N,0.029979418,FBA_NEW_SELECTION:0.03,0.06
B0DHQ8QGQG,X004EJ051D,"KEOAMG Tie Rack Hanger for Closet, Sleek Tie Hangers for Men with 18 Upgraded Folding Hooks, Space-Saving Tie Holder Neck Tie Organizer for Men Ties, Belts, Bras, Scarves, Tank Tops (Black)",GYR2,US,13.43,4.49,0.71,inches,0.35,pounds,0.0248,cubic feet,Standard-Size,1.74,0,0.0056,25-Jan,7.1,weeks,0.78,0,0,0,0,0,USD,0,--,N,N,0.029300007,FBA_NEW_SELECTION:0.0293,0
B0BMF6VST8,X003IDW07X,"KEOAMG Over The Door Hooks, No Assembly Required Door Hanger Hook, Sturdy Over The Door Coat Rack, Over Door Hanger Door Hooks for Hanging Clothes, Towels, Hats, Matte Black",HOU2,US,17.48,4.29,3.7,inches,1.32,pounds,0.1606,cubic feet,Standard-Size,0.94,0,0.114,25-Jan,7.1,weeks,0.78,0,0.71,0.114,0.0895,0,USD,0.0895,--,N,N,0,--,0.23
B0DHL54ZV4,X004EJ05W7,"KEOAMG Tie Rack Hanger for Closet, Upgraded Tie Hangers for Men with 18 Folding Hooks, Space Saving Tie Holder Neck Tie Organizer for Men Ties, Belts, Bras, Scarves, Tank Tops (Mahogany)",HOU2,US,13.43,4.06,0.59,inches,0.29,pounds,0.0186,cubic feet,Standard-Size,0.1,0,6.00E-04,25-Jan,7.1,weeks,0.78,0,0.03,6.00E-04,5.00E-04,0,USD,5.00E-04,--,N,N,0,--,0.06
B0C538JL1X,X003TKCFCF,"KEOAMG 2 Pack Foldable Over The Door Hanger, No Assembly Required Door Hanger Hook, Sturdy Over The Door Coat Rack, Over The Door Hooks for Hanging Clothes, Towels, Hats, Matte Black",HOU3,US,17.6,4.17,3.9,inches,2.38,pounds,0.1656,cubic feet,Standard-Size,0.48,0.03,0.0748,25-Jan,7.1,weeks,0.78,0,0.45,0.0748,0.06,0,USD,0.06,--,N,N,0,--,0
B0C538JL1X,X003TKCFCF,"KEOAMG 2 Pack Foldable Over The Door Hanger, No Assembly Required Door Hanger Hook, Sturdy Over The Door Coat Rack, Over The Door Hooks for Hanging Clothes, Towels, Hats, Matte Black",HOU6,US,17.6,4.17,3.9,inches,2.38,pounds,0.1656,cubic feet,Standard-Size,26.48,0,4.2693,25-Jan,7.1,weeks,0.78,0,25.77,4.2693,3.3295,0,USD,3.3295,--,N,N,0,--,0.71
B0DHL54ZV4,X004EJ05W7,"KEOAMG Tie Rack Hanger for Closet, Upgraded Tie Hangers for Men with 18 Folding Hooks, Space Saving Tie Holder Neck Tie Organizer for Men Ties, Belts, Bras, Scarves, Tank Tops (Mahogany)",HOU6,US,13.43,4.06,0.59,inches,0.29,pounds,0.0186,cubic feet,Standard-Size,0.03,0,6.00E-04,25-Jan,7.1,weeks,0.78,0,0.03,6.00E-04,5.00E-04,0,USD,5.00E-04,--,N,N,0,--,0
B0BMF6VST8,X003IDW07X,"KEOAMG Over The Door Hooks, No Assembly Required Door Hanger Hook, Sturdy Over The Door Coat Rack, Over Door Hanger Door Hooks for Hanging Clothes, Towels, Hats, Matte Black",HWA4,US,17.48,4.29,3.7,inches,1.32,pounds,0.1606,cubic feet,Standard-Size,18.55,0,2.9783,25-Jan,7.1,weeks,0.78,0,17.77,2.854,2.32,0,USD,2.32,--,N,N,0,--,0
B0BMF6VST8,X003IDW07X,"KEOAMG Over The Door Hooks, No Assembly Required Door Hanger Hook, Sturdy Over The Door Coat Rack, Over Door Hanger Door Hooks for Hanging Clothes, Towels, Hats, Matte Black",IAH1,US,17.48,4.29,3.7,inches,1.32,pounds,0.1606,cubic feet,Standard-Size,1.06,1.03,0.0052,25-Jan,7.1,weeks,0.78,0,0.03,0.0052,0.0039,0,USD,0.0039,--,N,N,0,--,0
B0C538JL1X,X003TKCFCF,"KEOAMG 2 Pack Foldable Over The Door Hanger, No Assembly Required Door Hanger Hook, Sturdy Over The Door Coat Rack, Over The Door Hooks for Hanging Clothes, Towels, Hats, Matte Black",IAH1,US,17.6,4.17,3.9,inches,2.38,pounds,0.1656,cubic feet,Standard-Size,1.13,1,0.0214,25-Jan,7.1,weeks,0.78,0,0.13,0.0214,0.0161,0,USD,0.0161,--,N,N,0,--,0
B0BMF6VST8,X003IDW07X,"KEOAMG Over The Door Hooks, No Assembly Required Door Hanger Hook, Sturdy Over The Door Coat Rack, Over Door Hanger Door Hooks for Hanging Clothes, Towels, Hats, Matte Black",IGQ1,US,17.48,4.29,3.7,inches,1.32,pounds,0.1606,cubic feet,Standard-Size,1.87,0,0.2849,25-Jan,7.1,weeks,0.78,0,1.71,0.2745,0.2222,0,USD,0.2222,--,N,N,0,--,0.1
B0C538JL1X,X003TKCFCF,"KEOAMG 2 Pack Foldable Over The Door Hanger, No Assembly Required Door Hanger Hook, Sturdy Over The Door Coat Rack, Over The Door Hooks for Hanging Clothes, Towels, Hats, Matte Black",IGQ1,US,17.6,4.17,3.9,inches,2.38,pounds,0.1656,cubic feet,Standard-Size,0.1,0,0.016,25-Jan,7.1,weeks,0.78,0,0.1,0.016,0.0125,0,USD,0.0125,--,N,N,0,--,0
B0D4MCXCC6,X0048XOI7H,"KEOAMG Over The Door Hooks, Over The Door Towel Rack for Bathroom, Sturdy Over The Door Hanger, Door Hanger Hook, Door Hooks for Hanging Clothes, Coats, Towels, White",IGQ1,US,17.32,4.37,3.54,inches,1.3,pounds,0.1551,cubic feet,Standard-Size,0.87,0,0.135,25-Jan,7.1,weeks,0.78,0,0.87,0.135,0.1053,0,USD,0.1053,--,N,N,0,--,0
B0C538JL1X,X003TKCFCF,"KEOAMG 2 Pack Foldable Over The Door Hanger, No Assembly Required Door Hanger Hook, Sturdy Over The Door Coat Rack, Over The Door Hooks for Hanging Clothes, Towels, Hats, Matte Black",IND1,US,17.6,4.17,3.9,inches,2.38,pounds,0.1656,cubic feet,Standard-Size,0.16,0,0.0107,25-Jan,7.1,weeks,0.78,0,0.06,0.0107,0.01,0,USD,0.01,--,N,N,0,--,0.1
B0BMF6VST8,X003IDW07X,"KEOAMG Over The Door Hooks, No Assembly Required Door Hanger Hook, Sturdy Over The Door Coat Rack, Over Door Hanger Door Hooks for Hanging Clothes, Towels, Hats, Matte Black",IND8,US,17.48,4.29,3.7,inches,1.32,pounds,0.1606,cubic feet,Standard-Size,0.13,0,0.0207,25-Jan,7.1,weeks,0.78,0,0.13,0.0207,0.02,0,USD,0.02,--,N,N,0,--,0
B0BMF6VST8,X003IDW07X,"KEOAMG Over The Door Hooks, No Assembly Required Door Hanger Hook, Sturdy Over The Door Coat Rack, Over Door Hanger Door Hooks for Hanging Clothes, Towels, Hats, Matte Black",IND9,US,17.48,4.29,3.7,inches,1.32,pounds,0.1606,cubic feet,Standard-Size,20.61,0,3.3098,25-Jan,7.1,weeks,0.78,0,20.61,3.3098,2.5799,0,USD,2.5799,--,N,N,0,--,0
B0D4MCXCC6,X0048XOI7H,"KEOAMG Over The Door Hooks, Over The Door Towel Rack for Bathroom, Sturdy Over The Door Hanger, Door Hanger Hook, Door Hooks for Hanging Clothes, Coats, Towels, White",IND9,US,17.32,4.37,3.54,inches,1.3,pounds,0.1551,cubic feet,Standard-Size,3.23,0,0.5002,25-Jan,7.1,weeks,0.78,0,1.74,0.2701,0.3901,0,USD,0.3901,--,N,N,0,--,0
B0DHQ8QGQG,X004EJ051D,"KEOAMG Tie Rack Hanger for Closet, Sleek Tie Hangers for Men with 18 Upgraded Folding Hooks, Space-Saving Tie Holder Neck Tie Organizer for Men Ties, Belts, Bras, Scarves, Tank Tops (Black)",1-Jan,US,13.43,4.49,0.71,inches,0.35,pounds,0.0248,cubic feet,Standard-Size,0.77,0,0.0144,25-Jan,7.1,weeks,0.78,0,0.29,0.0072,0.012,0,USD,0.012,--,N,N,0.003117022,FBA_NEW_SELECTION:0.0031,0.03
B0DHL54ZV4,X004EJ05W7,"KEOAMG Tie Rack Hanger for Closet, Upgraded Tie Hangers for Men with 18 Folding Hooks, Space Saving Tie Holder Neck Tie Organizer for Men Ties, Belts, Bras, Scarves, Tank Tops (Mahogany)",1-Jan,US,13.43,4.06,0.59,inches,0.29,pounds,0.0186,cubic feet,Standard-Size,0.52,0,0.0096,25-Jan,7.1,weeks,0.78,0,0,0,0.008,0,USD,0.008,--,N,N,0,--,0
B0DHQ8QGQG,X004EJ051D,"KEOAMG Tie Rack Hanger for Closet, Sleek Tie Hangers for Men with 18 Upgraded Folding Hooks, Space-Saving Tie Holder Neck Tie Organizer for Men Ties, Belts, Bras, Scarves, Tank Tops (Black)",JAX2,US,13.43,4.49,0.71,inches,0.35,pounds,0.0248,cubic feet,Standard-Size,0.81,0,0.016,25-Jan,7.1,weeks,0.78,0,0.32,0.008,0.0087,0,USD,0.0087,--,N,N,0.003117022,FBA_NEW_SELECTION:0.0031,0
B0DHL54ZV4,X004EJ05W7,"KEOAMG Tie Rack Hanger for Closet, Upgraded Tie Hangers for Men with 18 Folding Hooks, Space Saving Tie Holder Neck Tie Organizer for Men Ties, Belts, Bras, Scarves, Tank Tops (Mahogany)",JAX2,US,13.43,4.06,0.59,inches,0.29,pounds,0.0186,cubic feet,Standard-Size,0.13,0,0.0024,25-Jan,7.1,weeks,0.78,0,0,0,0.0013,0,USD,0.0013,--,N,N,0,--,0
B0BMF6VST8,X003IDW07X,"KEOAMG Over The Door Hooks, No Assembly Required Door Hanger Hook, Sturdy Over The Door Coat Rack, Over Door Hanger Door Hooks for Hanging Clothes, Towels, Hats, Matte Black",JFK8,US,17.48,4.29,3.7,inches,1.32,pounds,0.1606,cubic feet,Standard-Size,0.68,0,0.0777,25-Jan,7.1,weeks,0.78,0,0.48,0.0777,0.0606,0,USD,0.0606,--,N,N,0,--,0.19
B0D4MCXCC6,X0048XOI7H,"KEOAMG Over The Door Hooks, Over The Door Towel Rack for Bathroom, Sturdy Over The Door Hanger, Door Hanger Hook, Door Hooks for Hanging Clothes, Coats, Towels, White",JFK8,US,17.32,4.37,3.54,inches,1.3,pounds,0.1551,cubic feet,Standard-Size,2.74,0,0.4202,25-Jan,7.1,weeks,0.78,0,2.19,0.3401,0.3294,0,USD,0.3294,--,N,N,0,--,0.03
B0BMF6VST8,X003IDW07X,"KEOAMG Over The Door Hooks, No Assembly Required Door Hanger Hook, Sturdy Over The Door Coat Rack, Over Door Hanger Door Hooks for Hanging Clothes, Towels, Hats, Matte Black",KRB1,US,17.48,4.29,3.7,inches,1.32,pounds,0.1606,cubic feet,Standard-Size,12.9,0,2.0718,25-Jan,7.1,weeks,0.78,0,10.13,1.6264,1.62,0,USD,1.62,--,N,N,0,--,0
B0D4MCXCC6,X0048XOI7H,"KEOAMG Over The Door Hooks, Over The Door Towel Rack for Bathroom, Sturdy Over The Door Hanger, Door Hanger Hook, Door Hooks for Hanging Clothes, Coats, Towels, White",KRB2,US,17.32,4.37,3.54,inches,1.3,pounds,0.1551,cubic feet,Standard-Size,1.61,0,0.2501,25-Jan,7.1,weeks,0.78,0,1.23,0.1901,0.2,0,USD,0.2,--,N,N,0,--,0
B0BMF6VST8,X003IDW07X,"KEOAMG Over The Door Hooks, No Assembly Required Door Hanger Hook, Sturdy Over The Door Coat Rack, Over Door Hanger Door Hooks for Hanging Clothes, Towels, Hats, Matte Black",KRB9,US,17.48,4.29,3.7,inches,1.32,pounds,0.1606,cubic feet,Standard-Size,10.48,0,1.6834,25-Jan,7.1,weeks,0.78,0,7.26,1.1654,1.31,0,USD,1.31,--,N,N,0,--,0
B0BMF6VST8,X003IDW07X,"KEOAMG Over The Door Hooks, No Assembly Required Door Hanger Hook, Sturdy Over The Door Coat Rack, Over Door Hanger Door Hooks for Hanging Clothes, Towels, Hats, Matte Black",LAS2,US,17.48,4.29,3.7,inches,1.32,pounds,0.1606,cubic feet,Standard-Size,0.1,0,0.0155,25-Jan,7.1,weeks,0.78,0,0.1,0.0155,0.01,0,USD,0.01,--,N,N,0,--,0
B0BMF6VST8,X003IDW07X,"KEOAMG Over The Door Hooks, No Assembly Required Door Hanger Hook, Sturdy Over The Door Coat Rack, Over Door Hanger Door Hooks for Hanging Clothes, Towels, Hats, Matte Black",LAS7,US,17.48,4.29,3.7,inches,1.32,pounds,0.1606,cubic feet,Standard-Size,0.1,0,0.0052,25-Jan,7.1,weeks,0.78,0,0.03,0.0052,0.0042,0,USD,0.0042,--,N,N,0,--,0.06
B0D4MCXCC6,X0048XOI7H,"KEOAMG Over The Door Hooks, Over The Door Towel Rack for Bathroom, Sturdy Over The Door Hanger, Door Hanger Hook, Door Hooks for Hanging Clothes, Coats, Towels, White",LAS7,US,17.32,4.37,3.54,inches,1.3,pounds,0.1551,cubic feet,Standard-Size,0.35,0,0.055,25-Jan,7.1,weeks,0.78,0,0.29,0.045,0.0454,0,USD,0.0454,--,N,N,0,--,0
B0DHL54ZV4,X004EJ05W7,"KEOAMG Tie Rack Hanger for Closet, Upgraded Tie Hangers for Men with 18 Folding Hooks, Space Saving Tie Holder Neck Tie Organizer for Men Ties, Belts, Bras, Scarves, Tank Tops (Mahogany)",LAS7,US,13.43,4.06,0.59,inches,0.29,pounds,0.0186,cubic feet,Standard-Size,1.13,0,0.0126,25-Jan,7.1,weeks,0.78,0,0.19,0.0036,0.0103,0,USD,0.0103,--,N,N,0.006557998,FBA_NEW_SELECTION:0.0066,0
B0BMF6VST8,B0BMF6VST8,"KEOAMG Over The Door Hooks, No Assembly Required Door Hanger Hook, Sturdy Over The Door Coat Rack, Over Door Hanger Door Hooks for Hanging Clothes, Towels, Hats, Matte Black",LEX1,US,17.4,4.17,3.7,inches,1.28,pounds,0.1554,cubic feet,Standard-Size,0.13,0,0.02,25-Jan,7.1,weeks,0.78,0,0.13,0.02,0.015,0,USD,0.015,--,N,N,0,--,0
B0BMF6VST8,X003IDW07X,"KEOAMG Over The Door Hooks, No Assembly Required Door Hanger Hook, Sturdy Over The Door Coat Rack, Over Door Hanger Door Hooks for Hanging Clothes, Towels, Hats, Matte Black",LEX1,US,17.48,4.29,3.7,inches,1.32,pounds,0.1606,cubic feet,Standard-Size,0.48,0,0.0777,25-Jan,7.1,weeks,0.78,0,0.48,0.0777,0.0586,0,USD,0.0586,--,N,N,0,--,0
B0BMF6VST8,X003IDW07X,"KEOAMG Over The Door Hooks, No Assembly Required Door Hanger Hook, Sturdy Over The Door Coat Rack, Over Door Hanger Door Hooks for Hanging Clothes, Towels, Hats, Matte Black",LEX1,US,17.48,4.29,3.7,inches,1.32,pounds,0.1606,cubic feet,Standard-Size,0.13,0,0.0207,25-Jan,7.1,weeks,0.78,0,0.13,0.0207,0.0155,0,USD,0.0155,--,N,N,0,--,0
B0C538JL1X,X003TKCFCF,"KEOAMG 2 Pack Foldable Over The Door Hanger, No Assembly Required Door Hanger Hook, Sturdy Over The Door Coat Rack, Over The Door Hooks for Hanging Clothes, Towels, Hats, Matte Black",LEX1,US,17.6,4.17,3.9,inches,2.38,pounds,0.1656,cubic feet,Standard-Size,0.1,0,0.016,25-Jan,7.1,weeks,0.78,0,0.1,0.016,0.012,0,USD,0.012,--,N,N,0,--,0
B0D4MCXCC6,X0048XOI7H,"KEOAMG Over The Door Hooks, Over The Door Towel Rack for Bathroom, Sturdy Over The Door Hanger, Door Hanger Hook, Door Hooks for Hanging Clothes, Coats, Towels, White",LEX1,US,17.32,4.37,3.54,inches,1.3,pounds,0.1551,cubic feet,Standard-Size,0.06,0,0.01,25-Jan,7.1,weeks,0.78,0,0.06,0.01,0.0075,0,USD,0.0075,--,N,N,0,--,0
B0D4MCXCC6,X0048XOI7H,"KEOAMG Over The Door Hooks, Over The Door Towel Rack for Bathroom, Sturdy Over The Door Hanger, Door Hanger Hook, Door Hooks for Hanging Clothes, Coats, Towels, White",LEX1,US,17.32,4.37,3.54,inches,1.3,pounds,0.1551,cubic feet,Standard-Size,0.1,0,0.015,25-Jan,7.1,weeks,0.78,0,0.1,0.015,0.0113,0,USD,0.0113,--,N,N,0,--,0
B0BMF6VST8,X003IDW07X,"KEOAMG Over The Door Hooks, No Assembly Required Door Hanger Hook, Sturdy Over The Door Coat Rack, Over Door Hanger Door Hooks for Hanging Clothes, Towels, Hats, Matte Black",LEX2,US,17.48,4.29,3.7,inches,1.32,pounds,0.1606,cubic feet,Standard-Size,0.13,0,0.0207,25-Jan,7.1,weeks,0.78,0,0.13,0.0207,0.0147,0,USD,0.0147,--,N,N,0,--,0
B0BMF6VST8,X003IDW07X,"KEOAMG Over The Door Hooks, No Assembly Required Door Hanger Hook, Sturdy Over The Door Coat Rack, Over Door Hanger Door Hooks for Hanging Clothes, Towels, Hats, Matte Black",LEX2,US,17.48,4.29,3.7,inches,1.32,pounds,0.1606,cubic feet,Standard-Size,0.03,0,0.0052,25-Jan,7.1,weeks,0.78,0,0,0,0.0037,0,USD,0.0037,--,N,N,0,--,0
B0C538JL1X,X003TKCFCF,"KEOAMG 2 Pack Foldable Over The Door Hanger, No Assembly Required Door Hanger Hook, Sturdy Over The Door Coat Rack, Over The Door Hooks for Hanging Clothes, Towels, Hats, Matte Black",LEX2,US,17.6,4.17,3.9,inches,2.38,pounds,0.1656,cubic feet,Standard-Size,0.1,0,0.016,25-Jan,7.1,weeks,0.78,0,0.1,0.016,0.0115,0,USD,0.0115,--,N,N,0,--,0
B0D4MCXCC6,X0048XOI7H,"KEOAMG Over The Door Hooks, Over The Door Towel Rack for Bathroom, Sturdy Over The Door Hanger, Door Hanger Hook, Door Hooks for Hanging Clothes, Coats, Towels, White",LGA9,US,17.32,4.37,3.54,inches,1.3,pounds,0.1551,cubic feet,Standard-Size,0.06,0,0.005,25-Jan,7.1,weeks,0.78,0,0.03,0.005,0,0,USD,0,--,N,N,0,--,0.03
B0DHL54ZV4,X004EJ05W7,"KEOAMG Tie Rack Hanger for Closet, Upgraded Tie Hangers for Men with 18 Folding Hooks, Space Saving Tie Holder Neck Tie Organizer for Men Ties, Belts, Bras, Scarves, Tank Tops (Mahogany)",LGA9,US,13.43,4.06,0.59,inches,0.29,pounds,0.0186,cubic feet,Standard-Size,0.13,0,6.00E-04,25-Jan,7.1,weeks,0.78,0,0.03,6.00E-04,0,0,USD,0,--,N,N,0,--,0.1
B0BMF6VST8,X003IDW07X,"KEOAMG Over The Door Hooks, No Assembly Required Door Hanger Hook, Sturdy Over The Door Coat Rack, Over Door Hanger Door Hooks for Hanging Clothes, Towels, Hats, Matte Black",LGB3,US,17.48,4.29,3.7,inches,1.32,pounds,0.1606,cubic feet,Standard-Size,62.03,0,9.8826,25-Jan,7.1,weeks,0.78,0,49.61,7.9662,7.7081,0,USD,7.7081,--,N,N,0,--,0.48
B0D4MCXCC6,X0048XOI7H,"KEOAMG Over The Door Hooks, Over The Door Towel Rack for Bathroom, Sturdy Over The Door Hanger, Door Hanger Hook, Door Hooks for Hanging Clothes, Coats, Towels, White",LGB3,US,17.32,4.37,3.54,inches,1.3,pounds,0.1551,cubic feet,Standard-Size,0.71,0,0.105,25-Jan,7.1,weeks,0.78,0,0.48,0.075,0.0819,0,USD,0.0819,--,N,N,0,--,0.03
B0BMF6VST8,X003IDW07X,"KEOAMG Over The Door Hooks, No Assembly Required Door Hanger Hook, Sturdy Over The Door Coat Rack, Over Door Hanger Door Hooks for Hanging Clothes, Towels, Hats, Matte Black",LGB7,US,17.48,4.29,3.7,inches,1.32,pounds,0.1606,cubic feet,Standard-Size,0.58,0,0.0622,25-Jan,7.1,weeks,0.78,0,0.13,0.0207,0.0497,0,USD,0.0497,--,N,N,0,--,0.19
B0D4MCXCC6,X0048XOI7H,"KEOAMG Over The Door Hooks, Over The Door Towel Rack for Bathroom, Sturdy Over The Door Hanger, Door Hanger Hook, Door Hooks for Hanging Clothes, Coats, Towels, White",LGB7,US,17.32,4.37,3.54,inches,1.3,pounds,0.1551,cubic feet,Standard-Size,0.48,0,0.075,25-Jan,7.1,weeks,0.78,0,0.42,0.065,0.06,0,USD,0.06,--,N,N,0,--,0
B0DHL54ZV4,X004EJ05W7,"KEOAMG Tie Rack Hanger for Closet, Upgraded Tie Hangers for Men with 18 Folding Hooks, Space Saving Tie Holder Neck Tie Organizer for Men Ties, Belts, Bras, Scarves, Tank Tops (Mahogany)",LGB7,US,13.43,4.06,0.59,inches,0.29,pounds,0.0186,cubic feet,Standard-Size,5.06,0,0.0877,25-Jan,7.1,weeks,0.78,0,1.1,0.0204,0.0703,0,USD,0.0703,--,N,N,0.004215856,FBA_NEW_SELECTION:0.0042,0.06
B0BMF6VST8,X003IDW07X,"KEOAMG Over The Door Hooks, No Assembly Required Door Hanger Hook, Sturdy Over The Door Coat Rack, Over Door Hanger Door Hooks for Hanging Clothes, Towels, Hats, Matte Black",LIT1,US,17.48,4.29,3.7,inches,1.32,pounds,0.1606,cubic feet,Standard-Size,0.03,0,0.0052,25-Jan,7.1,weeks,0.78,0,0.03,0.0052,0.0044,0,USD,0.0044,--,N,N,0,--,0
B0DHQ8QGQG,X004EJ051D,"KEOAMG Tie Rack Hanger for Closet, Sleek Tie Hangers for Men with 18 Upgraded Folding Hooks, Space-Saving Tie Holder Neck Tie Organizer for Men Ties, Belts, Bras, Scarves, Tank Tops (Black)",LIT1,US,13.43,4.49,0.71,inches,0.35,pounds,0.0248,cubic feet,Standard-Size,0.94,0,0.0184,25-Jan,7.1,weeks,0.78,0,0.32,0.008,0.0156,0,USD,0.0156,--,N,N,0.003117022,FBA_NEW_SELECTION:0.0031,0.03
B0DHQ8QGQG,X004EJ051D,"KEOAMG Tie Rack Hanger for Closet, Sleek Tie Hangers for Men with 18 Upgraded Folding Hooks, Space-Saving Tie Holder Neck Tie Organizer for Men Ties, Belts, Bras, Scarves, Tank Tops (Black)",LUK2,US,13.43,4.49,0.71,inches,0.35,pounds,0.0248,cubic feet,Standard-Size,0.97,0,0.024,25-Jan,7.1,weeks,0.78,0,0.32,0.008,0.02,0,USD,0.02,--,N,N,0,--,0
B0BMF6VST8,X003IDW07X,"KEOAMG Over The Door Hooks, No Assembly Required Door Hanger Hook, Sturdy Over The Door Coat Rack, Over Door Hanger Door Hooks for Hanging Clothes, Towels, Hats, Matte Black",MCO1,US,17.48,4.29,3.7,inches,1.32,pounds,0.1606,cubic feet,Standard-Size,0.03,0,0.0052,25-Jan,7.1,weeks,0.78,0,0.03,0.0052,0.0039,0,USD,0.0039,--,N,N,0,--,0
B0DHQ8QGQG,X004EJ051D,"KEOAMG Tie Rack Hanger for Closet, Sleek Tie Hangers for Men with 18 Upgraded Folding Hooks, Space-Saving Tie Holder Neck Tie Organizer for Men Ties, Belts, Bras, Scarves, Tank Tops (Black)",MCO1,US,13.43,4.49,0.71,inches,0.35,pounds,0.0248,cubic feet,Standard-Size,0.77,0,0.0192,25-Jan,7.1,weeks,0.78,0,0.32,0.008,0.0147,0,USD,0.0147,--,N,N,0,--,0
B0DHL54ZV4,X004EJ05W7,"KEOAMG Tie Rack Hanger for Closet, Upgraded Tie Hangers for Men with 18 Folding Hooks, Space Saving Tie Holder Neck Tie Organizer for Men Ties, Belts, Bras, Scarves, Tank Tops (Mahogany)",MCO1,US,13.43,4.06,0.59,inches,0.29,pounds,0.0186,cubic feet,Standard-Size,0.1,0,0.0018,25-Jan,7.1,weeks,0.78,0,0,0,0.0014,0,USD,0.0014,--,N,N,0,--,0
B0BMF6VST8,X003IDW07X,"KEOAMG Over The Door Hooks, No Assembly Required Door Hanger Hook, Sturdy Over The Door Coat Rack, Over Door Hanger Door Hooks for Hanging Clothes, Towels, Hats, Matte Black",MDW7,US,17.48,4.29,3.7,inches,1.32,pounds,0.1606,cubic feet,Standard-Size,0.1,0,0.0104,25-Jan,7.1,weeks,0.78,0,0.06,0.0104,0.01,0,USD,0.01,--,N,N,0,--,0.03
B0BMF6VST8,X003IDW07X,"KEOAMG Over The Door Hooks, No Assembly Required Door Hanger Hook, Sturdy Over The Door Coat Rack, Over Door Hanger Door Hooks for Hanging Clothes, Towels, Hats, Matte Black",MEM3,US,17.48,4.29,3.7,inches,1.32,pounds,0.1606,cubic feet,Standard-Size,0.13,0,0.0207,25-Jan,7.1,weeks,0.78,0,0.13,0.0207,0.02,0,USD,0.02,--,N,N,0,--,0
B0BMF6VST8,X003IDW07X,"KEOAMG Over The Door Hooks, No Assembly Required Door Hanger Hook, Sturdy Over The Door Coat Rack, Over Door Hanger Door Hooks for Hanging Clothes, Towels, Hats, Matte Black",MEM4,US,17.48,4.29,3.7,inches,1.32,pounds,0.1606,cubic feet,Standard-Size,0.1,0,0.0052,25-Jan,7.1,weeks,0.78,0,0.03,0.0052,0.0045,0,USD,0.0045,--,N,N,0,--,0.06
B0DHQ8QGQG,X004EJ051D,"KEOAMG Tie Rack Hanger for Closet, Sleek Tie Hangers for Men with 18 Upgraded Folding Hooks, Space-Saving Tie Holder Neck Tie Organizer for Men Ties, Belts, Bras, Scarves, Tank Tops (Black)",MEM4,US,13.43,4.49,0.71,inches,0.35,pounds,0.0248,cubic feet,Standard-Size,0.39,0,0.0064,25-Jan,7.1,weeks,0.78,0,0.03,8.00E-04,0.0055,0,USD,0.0055,--,N,N,0.001246809,FBA_NEW_SELECTION:0.0012,0.06
B0BMF6VST8,X003IDW07X,"KEOAMG Over The Door Hooks, No Assembly Required Door Hanger Hook, Sturdy Over The Door Coat Rack, Over Door Hanger Door Hooks for Hanging Clothes, Towels, Hats, Matte Black",MKE1,US,17.48,4.29,3.7,inches,1.32,pounds,0.1606,cubic feet,Standard-Size,0.06,0,0.0104,25-Jan,7.1,weeks,0.78,0,0.06,0.0104,0.008,0,USD,0.008,--,N,N,0,--,0
B0DDX41KTY,X004DA8SY9,"KEOAMG 2Pack Tie Rack Wall Mounted, Wooden Tie Hanger Tie Organizer for Men with 28 Folding Hooks, Space Saving Tie Holder and Belt Rack for Closet Wall Mount (White)",MKE1,US,14.5,2,0.5,inches,0.74,pounds,0.0084,cubic feet,Standard-Size,36.87,0,0.2634,25-Jan,7.1,weeks,0.78,0,12.61,0.1058,0.202,0,USD,0.202,--,N,N,0.035892697,FBA_NEW_SELECTION:0.0359,0
B0BMF6VST8,X003IDW07X,"KEOAMG Over The Door Hooks, No Assembly Required Door Hanger Hook, Sturdy Over The Door Coat Rack, Over Door Hanger Door Hooks for Hanging Clothes, Towels, Hats, Matte Black",MKE2,US,17.48,4.29,3.7,inches,1.32,pounds,0.1606,cubic feet,Standard-Size,2.84,0,0.4195,25-Jan,7.1,weeks,0.78,0,2.55,0.4092,0.33,0,USD,0.33,--,N,N,0,--,0.26
B0BMF6VST8,X003IDW07X,"KEOAMG Over The Door Hooks, No Assembly Required Door Hanger Hook, Sturdy Over The Door Coat Rack, Over Door Hanger Door Hooks for Hanging Clothes, Towels, Hats, Matte Black",MLI1,US,17.48,4.29,3.7,inches,1.32,pounds,0.1606,cubic feet,Standard-Size,0.03,0,0.0052,25-Jan,7.1,weeks,0.78,0,0.03,0.0052,0.004,0,USD,0.004,--,N,N,0,--,0
B0C538JL1X,X003TKCFCF,"KEOAMG 2 Pack Foldable Over The Door Hanger, No Assembly Required Door Hanger Hook, Sturdy Over The Door Coat Rack, Over The Door Hooks for Hanging Clothes, Towels, Hats, Matte Black",MLI1,US,17.6,4.17,3.9,inches,2.38,pounds,0.1656,cubic feet,Standard-Size,4.23,0,0.6839,25-Jan,7.1,weeks,0.78,0,4.13,0.6839,0.536,0,USD,0.536,--,N,N,0,--,0.1
B0DDXB7T2H,X004DAC1AV,"2Pack Tie Rack Wall Mounted, Wooden Tie Hanger Tie Organizer for Men with 28 Folding Hooks, Space Saving Tie Holder and Belt Rack for Closet Wall Mount (Black)",MQJ1,US,14.25,4.02,0.75,inches,0.79,pounds,0.0249,cubic feet,Standard-Size,1.42,0,0,25-Jan,7.1,weeks,0.78,0,0,0,0,0,USD,0,--,N,N,0.027526058,FBA_NEW_SELECTION:0.0275,0
B0DHL54ZV4,X004EJ05W7,"KEOAMG Tie Rack Hanger for Closet, Upgraded Tie Hangers for Men with 18 Folding Hooks, Space Saving Tie Holder Neck Tie Organizer for Men Ties, Belts, Bras, Scarves, Tank Tops (Mahogany)",MQJ1,US,13.43,4.06,0.59,inches,0.29,pounds,0.0186,cubic feet,Standard-Size,29.03,0,0.4882,25-Jan,7.1,weeks,0.78,0,0,0,0.38,0,USD,0.38,--,N,N,0.040753272,FBA_NEW_SELECTION:0.0408,0
B0DHQ8QGQG,X004EJ051D,"KEOAMG Tie Rack Hanger for Closet, Sleek Tie Hangers for Men with 18 Upgraded Folding Hooks, Space-Saving Tie Holder Neck Tie Organizer for Men Ties, Belts, Bras, Scarves, Tank Tops (Black)",MQY1,US,13.43,4.49,0.71,inches,0.35,pounds,0.0248,cubic feet,Standard-Size,1.16,0,0.024,25-Jan,7.1,weeks,0.78,0,0.06,0.0016,0.0207,0,USD,0.0207,--,N,N,0.003740426,FBA_NEW_SELECTION:0.0037,0
B0DHL54ZV4,X004EJ05W7,"KEOAMG Tie Rack Hanger for Closet, Upgraded Tie Hangers for Men with 18 Folding Hooks, Space Saving Tie Holder Neck Tie Organizer for Men Ties, Belts, Bras, Scarves, Tank Tops (Mahogany)",MQY1,US,13.43,4.06,0.59,inches,0.29,pounds,0.0186,cubic feet,Standard-Size,0.58,0,0.0108,25-Jan,7.1,weeks,0.78,0,0.03,6.00E-04,0.0093,0,USD,0.0093,--,N,N,0,--,0
B0BMF6VST8,X003IDW07X,"KEOAMG Over The Door Hooks, No Assembly Required Door Hanger Hook, Sturdy Over The Door Coat Rack, Over Door Hanger Door Hooks for Hanging Clothes, Towels, Hats, Matte Black",MTN1,US,17.48,4.29,3.7,inches,1.32,pounds,0.1606,cubic feet,Standard-Size,0.03,0,0.0052,25-Jan,7.1,weeks,0.78,0,0.03,0.0052,0.004,0,USD,0.004,--,N,N,0,--,0
B0C538JL1X,X003TKCFCF,"KEOAMG 2 Pack Foldable Over The Door Hanger, No Assembly Required Door Hanger Hook, Sturdy Over The Door Coat Rack, Over The Door Hooks for Hanging Clothes, Towels, Hats, Matte Black",MTN1,US,17.6,4.17,3.9,inches,2.38,pounds,0.1656,cubic feet,Standard-Size,0.06,0,0.0053,25-Jan,7.1,weeks,0.78,0,0.03,0.0053,0.0042,0,USD,0.0042,--,N,N,0,--,0.03
B0D4MCXCC6,X0048XOI7H,"KEOAMG Over The Door Hooks, Over The Door Towel Rack for Bathroom, Sturdy Over The Door Hanger, Door Hanger Hook, Door Hooks for Hanging Clothes, Coats, Towels, White",MTN1,US,17.32,4.37,3.54,inches,1.3,pounds,0.1551,cubic feet,Standard-Size,0.13,0,0.015,25-Jan,7.1,weeks,0.78,0,0.03,0.005,0.0118,0,USD,0.0118,--,N,N,0,--,0.03
B0BMF6VST8,X003IDW07X,"KEOAMG Over The Door Hooks, No Assembly Required Door Hanger Hook, Sturdy Over The Door Coat Rack, Over Door Hanger Door Hooks for Hanging Clothes, Towels, Hats, Matte Black",OAK4,US,17.48,4.29,3.7,inches,1.32,pounds,0.1606,cubic feet,Standard-Size,5.35,0,0.8443,25-Jan,7.1,weeks,0.78,0,3.26,0.5231,0.6619,0,USD,0.6619,--,N,N,0,--,0.1
B0C538JL1X,X003TKCFCF,"KEOAMG 2 Pack Foldable Over The Door Hanger, No Assembly Required Door Hanger Hook, Sturdy Over The Door Coat Rack, Over The Door Hooks for Hanging Clothes, Towels, Hats, Matte Black",OAK4,US,17.6,4.17,3.9,inches,2.38,pounds,0.1656,cubic feet,Standard-Size,0.06,0,0.0107,25-Jan,7.1,weeks,0.78,0,0.06,0.0107,0.0083,0,USD,0.0083,--,N,N,0,--,0
B0D4MCXCC6,X0048XOI7H,"KEOAMG Over The Door Hooks, Over The Door Towel Rack for Bathroom, Sturdy Over The Door Hanger, Door Hanger Hook, Door Hooks for Hanging Clothes, Coats, Towels, White",OAK4,US,17.32,4.37,3.54,inches,1.3,pounds,0.1551,cubic feet,Standard-Size,0.06,0,0.01,25-Jan,7.1,weeks,0.78,0,0.06,0.01,0.0078,0,USD,0.0078,--,N,N,0,--,0
B0DHL54ZV4,X004EJ05W7,"KEOAMG Tie Rack Hanger for Closet, Upgraded Tie Hangers for Men with 18 Folding Hooks, Space Saving Tie Holder Neck Tie Organizer for Men Ties, Belts, Bras, Scarves, Tank Tops (Mahogany)",OAK4,US,13.43,4.06,0.59,inches,0.29,pounds,0.0186,cubic feet,Standard-Size,4.35,0,0.0667,25-Jan,7.1,weeks,0.78,0,0.55,0.0102,0.052,0,USD,0.052,--,N,N,0.008431711,FBA_NEW_SELECTION:0.0084,0.19
B0BMF6VST8,X003IDW07X,"KEOAMG Over The Door Hooks, No Assembly Required Door Hanger Hook, Sturdy Over The Door Coat Rack, Over Door Hanger Door Hooks for Hanging Clothes, Towels, Hats, Matte Black",OKC1,US,17.48,4.29,3.7,inches,1.32,pounds,0.1606,cubic feet,Standard-Size,0.06,0,0.0104,25-Jan,7.1,weeks,0.78,0,0,0,0.0085,0,USD,0.0085,--,N,N,0,--,0
B0DHL54ZV4,X004EJ05W7,"KEOAMG Tie Rack Hanger for Closet, Upgraded Tie Hangers for Men with 18 Folding Hooks, Space Saving Tie Holder Neck Tie Organizer for Men Ties, Belts, Bras, Scarves, Tank Tops (Mahogany)",OKC1,US,13.43,4.06,0.59,inches,0.29,pounds,0.0186,cubic feet,Standard-Size,0.1,0,0.0018,25-Jan,7.1,weeks,0.78,0,0.06,0.0012,0.0015,0,USD,0.0015,--,N,N,0,--,0
B0BMF6VST8,X003IDW07X,"KEOAMG Over The Door Hooks, No Assembly Required Door Hanger Hook, Sturdy Over The Door Coat Rack, Over Door Hanger Door Hooks for Hanging Clothes, Towels, Hats, Matte Black",ORD5,US,17.48,4.29,3.7,inches,1.32,pounds,0.1606,cubic feet,Standard-Size,3.45,0,0.5128,25-Jan,7.1,weeks,0.78,0,2.26,0.3626,0.4,0,USD,0.4,--,N,N,0,--,0.26
B0BMF6VST8,X003IDW07X,"KEOAMG Over The Door Hooks, No Assembly Required Door Hanger Hook, Sturdy Over The Door Coat Rack, Over Door Hanger Door Hooks for Hanging Clothes, Towels, Hats, Matte Black",ORF2,US,17.48,4.29,3.7,inches,1.32,pounds,0.1606,cubic feet,Standard-Size,0.06,0,0.0104,25-Jan,7.1,weeks,0.78,0,0.06,0.0104,0.01,0,USD,0.01,--,N,N,0,--,0
B0BMF6VST8,X003IDW07X,"KEOAMG Over The Door Hooks, No Assembly Required Door Hanger Hook, Sturdy Over The Door Coat Rack, Over Door Hanger Door Hooks for Hanging Clothes, Towels, Hats, Matte Black",ORF3,US,17.48,4.29,3.7,inches,1.32,pounds,0.1606,cubic feet,Standard-Size,0.13,0,0.0155,25-Jan,7.1,weeks,0.78,0,0.1,0.0155,0.0132,0,USD,0.0132,--,N,N,0,--,0.03
B0C538JL1X,X003TKCFCF,"KEOAMG 2 Pack Foldable Over The Door Hanger, No Assembly Required Door Hanger Hook, Sturdy Over The Door Coat Rack, Over The Door Hooks for Hanging Clothes, Towels, Hats, Matte Black",ORF3,US,17.6,4.17,3.9,inches,2.38,pounds,0.1656,cubic feet,Standard-Size,0.06,0,0.0107,25-Jan,7.1,weeks,0.78,0,0.06,0.0107,0.0091,0,USD,0.0091,--,N,N,0,--,0
B0DHQ8QGQG,X004EJ051D,"KEOAMG Tie Rack Hanger for Closet, Sleek Tie Hangers for Men with 18 Upgraded Folding Hooks, Space-Saving Tie Holder Neck Tie Organizer for Men Ties, Belts, Bras, Scarves, Tank Tops (Black)",ORF3,US,13.43,4.49,0.71,inches,0.35,pounds,0.0248,cubic feet,Standard-Size,0.87,0,0.0208,25-Jan,7.1,weeks,0.78,0,0.32,0.008,0.0177,0,USD,0.0177,--,N,N,0,--,0.03
B0BMF6VST8,X003IDW07X,"KEOAMG Over The Door Hooks, No Assembly Required Door Hanger Hook, Sturdy Over The Door Coat Rack, Over Door Hanger Door Hooks for Hanging Clothes, Towels, Hats, Matte Black",ORH3,US,17.48,4.29,3.7,inches,1.32,pounds,0.1606,cubic feet,Standard-Size,2.39,0,0.3626,25-Jan,7.1,weeks,0.78,0,2.19,0.3522,0.28,0,USD,0.28,--,N,N,0,--,0.13
B0BMF6VST8,X003IDW07X,"KEOAMG Over The Door Hooks, No Assembly Required Door Hanger Hook, Sturdy Over The Door Coat Rack, Over Door Hanger Door Hooks for Hanging Clothes, Towels, Hats, Matte Black",OXR1,US,17.48,4.29,3.7,inches,1.32,pounds,0.1606,cubic feet,Standard-Size,41.45,0,6.6454,25-Jan,7.1,weeks,0.78,0,20.45,3.2839,5.1794,0,USD,5.1794,--,N,N,0,--,0.06
B0C538JL1X,X003TKCFCF,"KEOAMG 2 Pack Foldable Over The Door Hanger, No Assembly Required Door Hanger Hook, Sturdy Over The Door Coat Rack, Over The Door Hooks for Hanging Clothes, Towels, Hats, Matte Black",OXR1,US,17.6,4.17,3.9,inches,2.38,pounds,0.1656,cubic feet,Standard-Size,30.68,0,5.0547,25-Jan,7.1,weeks,0.78,0,29.65,4.9105,3.9427,0,USD,3.9427,--,N,N,0,--,0.16
B0DHL54ZV4,X004EJ05W7,"KEOAMG Tie Rack Hanger for Closet, Upgraded Tie Hangers for Men with 18 Folding Hooks, Space Saving Tie Holder Neck Tie Organizer for Men Ties, Belts, Bras, Scarves, Tank Tops (Mahogany)",OXR1,US,13.43,4.06,0.59,inches,0.29,pounds,0.0186,cubic feet,Standard-Size,7.58,0,0.1255,25-Jan,7.1,weeks,0.78,0,1.03,0.0192,0.0979,0,USD,0.0979,--,N,N,0.011242282,FBA_NEW_SELECTION:0.0112,0.06
B0BMF6VST8,X003IDW07X,"KEOAMG Over The Door Hooks, No Assembly Required Door Hanger Hook, Sturdy Over The Door Coat Rack, Over Door Hanger Door Hooks for Hanging Clothes, Towels, Hats, Matte Black",PAE2,US,17.48,4.29,3.7,inches,1.32,pounds,0.1606,cubic feet,Standard-Size,1.13,0,0.1813,25-Jan,7.1,weeks,0.78,0,0.35,0.057,0.1414,0,USD,0.1414,--,N,N,0,--,0
B0D4MCXCC6,X0048XOI7H,"KEOAMG Over The Door Hooks, Over The Door Towel Rack for Bathroom, Sturdy Over The Door Hanger, Door Hanger Hook, Door Hooks for Hanging Clothes, Coats, Towels, White",PAE2,US,17.32,4.37,3.54,inches,1.3,pounds,0.1551,cubic feet,Standard-Size,20.58,0,3.1862,25-Jan,7.1,weeks,0.78,0,7.06,1.0954,2.488,0,USD,2.488,--,N,N,0,--,0.03
B0DHL54ZV4,X004EJ05W7,"KEOAMG Tie Rack Hanger for Closet, Upgraded Tie Hangers for Men with 18 Folding Hooks, Space Saving Tie Holder Neck Tie Organizer for Men Ties, Belts, Bras, Scarves, Tank Tops (Mahogany)",PAE2,US,13.43,4.06,0.59,inches,0.29,pounds,0.0186,cubic feet,Standard-Size,4.23,0,0.0649,25-Jan,7.1,weeks,0.78,0,0.48,0.009,0.0506,0,USD,0.0506,--,N,N,0.007026426,FBA_NEW_SELECTION:0.007,0.26
B0BMF6VST8,X003IDW07X,"KEOAMG Over The Door Hooks, No Assembly Required Door Hanger Hook, Sturdy Over The Door Coat Rack, Over Door Hanger Door Hooks for Hanging Clothes, Towels, Hats, Matte Black",PCW1,US,17.48,4.29,3.7,inches,1.32,pounds,0.1606,cubic feet,Standard-Size,0.1,0,0.0104,25-Jan,7.1,weeks,0.78,0,0,0,0.0073,0,USD,0.0073,--,N,N,0,--,0.03
B0D4MCXCC6,X0048XOI7H,"KEOAMG Over The Door Hooks, Over The Door Towel Rack for Bathroom, Sturdy Over The Door Hanger, Door Hanger Hook, Door Hooks for Hanging Clothes, Coats, Towels, White",PCW1,US,17.32,4.37,3.54,inches,1.3,pounds,0.1551,cubic feet,Standard-Size,0.1,0,0.015,25-Jan,7.1,weeks,0.78,0,0.1,0.015,0.0105,0,USD,0.0105,--,N,N,0,--,0
B0DHQ8QGQG,X004EJ051D,"KEOAMG Tie Rack Hanger for Closet, Sleek Tie Hangers for Men with 18 Upgraded Folding Hooks, Space-Saving Tie Holder Neck Tie Organizer for Men Ties, Belts, Bras, Scarves, Tank Tops (Black)",PCW1,US,13.43,4.49,0.71,inches,0.35,pounds,0.0248,cubic feet,Standard-Size,0.71,0,0.0176,25-Jan,7.1,weeks,0.78,0,0.06,0.0016,0.0122,0,USD,0.0122,--,N,N,0,--,0
B0BMF6VST8,X003IDW07X,"KEOAMG Over The Door Hooks, No Assembly Required Door Hanger Hook, Sturdy Over The Door Coat Rack, Over Door Hanger Door Hooks for Hanging Clothes, Towels, Hats, Matte Black",PDX9,US,17.48,4.29,3.7,inches,1.32,pounds,0.1606,cubic feet,Standard-Size,6.61,0,1.0618,25-Jan,7.1,weeks,0.78,0,0.48,0.0777,0.8292,0,USD,0.8292,--,N,N,0,--,0
B0D4MCXCC6,X0048XOI7H,"KEOAMG Over The Door Hooks, Over The Door Towel Rack for Bathroom, Sturdy Over The Door Hanger, Door Hanger Hook, Door Hooks for Hanging Clothes, Coats, Towels, White",PDX9,US,17.32,4.37,3.54,inches,1.3,pounds,0.1551,cubic feet,Standard-Size,0.55,0,0.085,25-Jan,7.1,weeks,0.78,0,0.13,0.02,0.0663,0,USD,0.0663,--,N,N,0,--,0
B0DHL54ZV4,X004EJ05W7,"KEOAMG Tie Rack Hanger for Closet, Upgraded Tie Hangers for Men with 18 Folding Hooks, Space Saving Tie Holder Neck Tie Organizer for Men Ties, Belts, Bras, Scarves, Tank Tops (Mahogany)",PDX9,US,13.43,4.06,0.59,inches,0.29,pounds,0.0186,cubic feet,Standard-Size,1.23,0,0.0186,25-Jan,7.1,weeks,0.78,0,0.16,0.003,0.0145,0,USD,0.0145,--,N,N,0.00281057,FBA_NEW_SELECTION:0.0028,0.03
B0BMF6VST8,X003IDW07X,"KEOAMG Over The Door Hooks, No Assembly Required Door Hanger Hook, Sturdy Over The Door Coat Rack, Over Door Hanger Door Hooks for Hanging Clothes, Towels, Hats, Matte Black",PGA1,US,17.48,4.29,3.7,inches,1.32,pounds,0.1606,cubic feet,Standard-Size,0.03,0,0.0052,25-Jan,7.1,weeks,0.78,0,0.03,0.0052,0.0051,0,USD,0.0051,--,N,N,0,--,0
B0D4MCXCC6,X0048XOI7H,"KEOAMG Over The Door Hooks, Over The Door Towel Rack for Bathroom, Sturdy Over The Door Hanger, Door Hanger Hook, Door Hooks for Hanging Clothes, Coats, Towels, White",PGA1,US,17.32,4.37,3.54,inches,1.3,pounds,0.1551,cubic feet,Standard-Size,0.03,0,0.005,25-Jan,7.1,weeks,0.78,0,0.03,0.005,0.0049,0,USD,0.0049,--,N,N,0,--,0
B0D4MCXCC6,X0048XOI7H,"KEOAMG Over The Door Hooks, Over The Door Towel Rack for Bathroom, Sturdy Over The Door Hanger, Door Hanger Hook, Door Hooks for Hanging Clothes, Coats, Towels, White",PHL7,US,17.32,4.37,3.54,inches,1.3,pounds,0.1551,cubic feet,Standard-Size,0.06,0,0.01,25-Jan,7.1,weeks,0.78,0,0.03,0.005,0.0086,0,USD,0.0086,--,N,N,0,--,0
B0DHQ8QGQG,X004EJ051D,"KEOAMG Tie Rack Hanger for Closet, Sleek Tie Hangers for Men with 18 Upgraded Folding Hooks, Space-Saving Tie Holder Neck Tie Organizer for Men Ties, Belts, Bras, Scarves, Tank Tops (Black)",PHL7,US,13.43,4.49,0.71,inches,0.35,pounds,0.0248,cubic feet,Standard-Size,0.06,0,0.0016,25-Jan,7.1,weeks,0.78,0,0,0,0.0014,0,USD,0.0014,--,N,N,0,--,0
B0DHL54ZV4,X004EJ05W7,"KEOAMG Tie Rack Hanger for Closet, Upgraded Tie Hangers for Men with 18 Folding Hooks, Space Saving Tie Holder Neck Tie Organizer for Men Ties, Belts, Bras, Scarves, Tank Tops (Mahogany)",PHX3,US,13.43,4.06,0.59,inches,0.29,pounds,0.0186,cubic feet,Standard-Size,0.65,0,0.0108,25-Jan,7.1,weeks,0.78,0,0,0,0.01,0,USD,0.01,--,N,N,9.37E-04,FBA_NEW_SELECTION:9.0E-4,0
B0DDX41KTY,X004DA8SY9,"KEOAMG 2Pack Tie Rack Wall Mounted, Wooden Tie Hanger Tie Organizer for Men with 28 Folding Hooks, Space Saving Tie Holder and Belt Rack for Closet Wall Mount (White)",PSC2,US,14.5,2,0.5,inches,0.74,pounds,0.0084,cubic feet,Standard-Size,5.68,0,0.0092,25-Jan,7.1,weeks,0.78,0,0,0,0.007,0,USD,0.007,--,N,N,0.029980959,FBA_NEW_SELECTION:0.03,0
B0DHQ8QGQG,X004EJ051D,"KEOAMG Tie Rack Hanger for Closet, Sleek Tie Hangers for Men with 18 Upgraded Folding Hooks, Space-Saving Tie Holder Neck Tie Organizer for Men Ties, Belts, Bras, Scarves, Tank Tops (Black)",PSC2,US,13.43,4.49,0.71,inches,0.35,pounds,0.0248,cubic feet,Standard-Size,12.77,0,0.2022,25-Jan,7.1,weeks,0.78,0,0,0,0.153,0,USD,0.153,--,N,N,0.089146831,FBA_NEW_SELECTION:0.0891,0
B0BMF6VST8,X003IDW07X,"KEOAMG Over The Door Hooks, No Assembly Required Door Hanger Hook, Sturdy Over The Door Coat Rack, Over Door Hanger Door Hooks for Hanging Clothes, Towels, Hats, Matte Black",PSP1,US,17.48,4.29,3.7,inches,1.32,pounds,0.1606,cubic feet,Standard-Size,0.35,0,0.0466,25-Jan,7.1,weeks,0.78,0,0.06,0.0104,0.0364,0,USD,0.0364,--,N,N,0,--,0.06
B0C538JL1X,X003TKCFCF,"KEOAMG 2 Pack Foldable Over The Door Hanger, No Assembly Required Door Hanger Hook, Sturdy Over The Door Coat Rack, Over The Door Hooks for Hanging Clothes, Towels, Hats, Matte Black",PSP1,US,17.6,4.17,3.9,inches,2.38,pounds,0.1656,cubic feet,Standard-Size,0.1,0,0.0053,25-Jan,7.1,weeks,0.78,0,0.03,0.0053,0.0042,0,USD,0.0042,--,N,N,0,--,0.06
B0D4MCXCC6,X0048XOI7H,"KEOAMG Over The Door Hooks, Over The Door Towel Rack for Bathroom, Sturdy Over The Door Hanger, Door Hanger Hook, Door Hooks for Hanging Clothes, Coats, Towels, White",PSP1,US,17.32,4.37,3.54,inches,1.3,pounds,0.1551,cubic feet,Standard-Size,6.06,0,0.9353,25-Jan,7.1,weeks,0.78,0,0.61,0.095,0.7256,0,USD,0.7256,--,N,N,0,--,0.03
B0DHL54ZV4,X004EJ05W7,"KEOAMG Tie Rack Hanger for Closet, Upgraded Tie Hangers for Men with 18 Folding Hooks, Space Saving Tie Holder Neck Tie Organizer for Men Ties, Belts, Bras, Scarves, Tank Tops (Mahogany)",PSP1,US,13.43,4.06,0.59,inches,0.29,pounds,0.0186,cubic feet,Standard-Size,3.74,0,0.0691,25-Jan,7.1,weeks,0.78,0,0.58,0.0108,0.0539,0,USD,0.0539,--,N,N,0,--,0.03
B0BMF6VST8,X003IDW07X,"KEOAMG Over The Door Hooks, No Assembly Required Door Hanger Hook, Sturdy Over The Door Coat Rack, Over Door Hanger Door Hooks for Hanging Clothes, Towels, Hats, Matte Black",PVD2,US,17.48,4.29,3.7,inches,1.32,pounds,0.1606,cubic feet,Standard-Size,9.9,0,1.3182,25-Jan,7.1,weeks,0.78,0,4.72,0.7574,1.03,0,USD,1.03,--,N,N,0.179777032,COVID-19:0.1798,0.26
B0BMF6VST8,X003IDW07X,"KEOAMG Over The Door Hooks, No Assembly Required Door Hanger Hook, Sturdy Over The Door Coat Rack, Over Door Hanger Door Hooks for Hanging Clothes, Towels, Hats, Matte Black",RDG1,US,17.48,4.29,3.7,inches,1.32,pounds,0.1606,cubic feet,Standard-Size,0.06,0,0.0104,25-Jan,7.1,weeks,0.78,0,0.06,0.0104,0.0081,0,USD,0.0081,--,N,N,0,--,0
B0DDXB7T2H,X004DAC1AV,"2Pack Tie Rack Wall Mounted, Wooden Tie Hanger Tie Organizer for Men with 28 Folding Hooks, Space Saving Tie Holder and Belt Rack for Closet Wall Mount (Black)",RDG1,US,14.25,4.02,0.75,inches,0.79,pounds,0.0249,cubic feet,Standard-Size,42.84,0,1.041,25-Jan,7.1,weeks,0.78,0,0,0,0.812,0,USD,0.812,--,N,N,0.018767767,FBA_NEW_SELECTION:0.0188,0
B0DHL54ZV4,X004EJ05W7,"KEOAMG Tie Rack Hanger for Closet, Upgraded Tie Hangers for Men with 18 Folding Hooks, Space Saving Tie Holder Neck Tie Organizer for Men Ties, Belts, Bras, Scarves, Tank Tops (Mahogany)",RDG1,US,13.43,4.06,0.59,inches,0.29,pounds,0.0186,cubic feet,Standard-Size,80.65,0,1.4954,25-Jan,7.1,weeks,0.78,0,1.35,0.0252,1.1699,0,USD,1.1699,--,N,N,0,--,0.32
B0BMF6VST8,X003IDW07X,"KEOAMG Over The Door Hooks, No Assembly Required Door Hanger Hook, Sturdy Over The Door Coat Rack, Over Door Hanger Door Hooks for Hanging Clothes, Towels, Hats, Matte Black",RDU1,US,17.48,4.29,3.7,inches,1.32,pounds,0.1606,cubic feet,Standard-Size,0.29,0,0.0414,25-Jan,7.1,weeks,0.78,0,0.26,0.0414,0.0323,0,USD,0.0323,--,N,N,0,--,0.03
B0D4MCXCC6,X0048XOI7H,"KEOAMG Over The Door Hooks, Over The Door Towel Rack for Bathroom, Sturdy Over The Door Hanger, Door Hanger Hook, Door Hooks for Hanging Clothes, Coats, Towels, White",RDU1,US,17.32,4.37,3.54,inches,1.3,pounds,0.1551,cubic feet,Standard-Size,19.16,0,2.9611,25-Jan,7.1,weeks,0.78,0,0.48,0.075,2.3097,0,USD,2.3097,--,N,N,0,--,0.06
B0DHQ8QGQG,X004EJ051D,"KEOAMG Tie Rack Hanger for Closet, Sleek Tie Hangers for Men with 18 Upgraded Folding Hooks, Space-Saving Tie Holder Neck Tie Organizer for Men Ties, Belts, Bras, Scarves, Tank Tops (Black)",RDU1,US,13.43,4.49,0.71,inches,0.35,pounds,0.0248,cubic feet,Standard-Size,0.39,0,0.0096,25-Jan,7.1,weeks,0.78,0,0.06,0.0016,0.0075,0,USD,0.0075,--,N,N,0,--,0
B0DHL54ZV4,X004EJ05W7,"KEOAMG Tie Rack Hanger for Closet, Upgraded Tie Hangers for Men with 18 Folding Hooks, Space Saving Tie Holder Neck Tie Organizer for Men Ties, Belts, Bras, Scarves, Tank Tops (Mahogany)",RDU1,US,13.43,4.06,0.59,inches,0.29,pounds,0.0186,cubic feet,Standard-Size,0.06,0,6.00E-04,25-Jan,7.1,weeks,0.78,0,0,0,5.00E-04,0,USD,5.00E-04,--,N,N,0,--,0.03
B0DDX41KTY,X004DA8SY9,"KEOAMG 2Pack Tie Rack Wall Mounted, Wooden Tie Hanger Tie Organizer for Men with 28 Folding Hooks, Space Saving Tie Holder and Belt Rack for Closet Wall Mount (White)",RFD2,US,14.5,2,0.5,inches,0.74,pounds,0.0084,cubic feet,Standard-Size,2.84,0,0.0238,25-Jan,7.1,weeks,0.78,0,0,0,0.0191,0,USD,0.0191,--,N,N,0,--,0
B0DHQ8QGQG,X004EJ051D,"KEOAMG Tie Rack Hanger for Closet, Sleek Tie Hangers for Men with 18 Upgraded Folding Hooks, Space-Saving Tie Holder Neck Tie Organizer for Men Ties, Belts, Bras, Scarves, Tank Tops (Black)",RFD2,US,13.43,4.49,0.71,inches,0.35,pounds,0.0248,cubic feet,Standard-Size,2.58,0,0.0639,25-Jan,7.1,weeks,0.78,0,0,0,0.0509,0,USD,0.0509,--,N,N,0,--,0
B0DHL54ZV4,X004EJ05W7,"KEOAMG Tie Rack Hanger for Closet, Upgraded Tie Hangers for Men with 18 Folding Hooks, Space Saving Tie Holder Neck Tie Organizer for Men Ties, Belts, Bras, Scarves, Tank Tops (Mahogany)",RIC2,US,13.43,4.06,0.59,inches,0.29,pounds,0.0186,cubic feet,Standard-Size,47.97,0,0.8828,25-Jan,7.1,weeks,0.78,0,0.55,0.0102,0.69,0,USD,0.69,--,N,N,0,--,0.55
B0D4MCXCC6,X0048XOI7H,"KEOAMG Over The Door Hooks, Over The Door Towel Rack for Bathroom, Sturdy Over The Door Hanger, Door Hanger Hook, Door Hooks for Hanging Clothes, Coats, Towels, White",RMN3,US,17.32,4.37,3.54,inches,1.3,pounds,0.1551,cubic feet,Standard-Size,2.42,0,0.3751,25-Jan,7.1,weeks,0.78,0,0,0,0.29,0,USD,0.29,--,N,N,0,--,0
B0C538JL1X,X003TKCFCF,"KEOAMG 2 Pack Foldable Over The Door Hanger, No Assembly Required Door Hanger Hook, Sturdy Over The Door Coat Rack, Over The Door Hooks for Hanging Clothes, Towels, Hats, Matte Black",ROC1,US,17.6,4.17,3.9,inches,2.38,pounds,0.1656,cubic feet,Standard-Size,0.32,0,0.0534,25-Jan,7.1,weeks,0.78,0,0.32,0.0534,0.0417,0,USD,0.0417,--,N,N,0,--,0
B0D4MCXCC6,X0048XOI7H,"KEOAMG Over The Door Hooks, Over The Door Towel Rack for Bathroom, Sturdy Over The Door Hanger, Door Hanger Hook, Door Hooks for Hanging Clothes, Coats, Towels, White",ROC1,US,17.32,4.37,3.54,inches,1.3,pounds,0.1551,cubic feet,Standard-Size,3.23,0,0.5002,25-Jan,7.1,weeks,0.78,0,0,0,0.3883,0,USD,0.3883,--,N,N,0,--,0
B0D4MCXCC6,X0048XOI7H,"KEOAMG Over The Door Hooks, Over The Door Towel Rack for Bathroom, Sturdy Over The Door Hanger, Door Hanger Hook, Door Hooks for Hanging Clothes, Coats, Towels, White",RYY2,US,17.32,4.37,3.54,inches,1.3,pounds,0.1551,cubic feet,Standard-Size,5.84,0,0.9053,25-Jan,7.1,weeks,0.78,0,0,0,0.71,0,USD,0.71,--,N,N,0,--,0
B0BMF6VST8,X003IDW07X,"KEOAMG Over The Door Hooks, No Assembly Required Door Hanger Hook, Sturdy Over The Door Coat Rack, Over Door Hanger Door Hooks for Hanging Clothes, Towels, Hats, Matte Black",SAN3,US,17.48,4.29,3.7,inches,1.32,pounds,0.1606,cubic feet,Standard-Size,0.29,0,0.0311,25-Jan,7.1,weeks,0.78,0,0.06,0.0104,0.0239,0,USD,0.0239,--,N,N,0,--,0.1
B0D4MCXCC6,X0048XOI7H,"KEOAMG Over The Door Hooks, Over The Door Towel Rack for Bathroom, Sturdy Over The Door Hanger, Door Hanger Hook, Door Hooks for Hanging Clothes, Coats, Towels, White",SAN3,US,17.32,4.37,3.54,inches,1.3,pounds,0.1551,cubic feet,Standard-Size,3.03,0,0.4702,25-Jan,7.1,weeks,0.78,0,0,0,0.3636,0,USD,0.3636,--,N,N,0,--,0
B0DHL54ZV4,X004EJ05W7,"KEOAMG Tie Rack Hanger for Closet, Upgraded Tie Hangers for Men with 18 Folding Hooks, Space Saving Tie Holder Neck Tie Organizer for Men Ties, Belts, Bras, Scarves, Tank Tops (Mahogany)",SAN3,US,13.43,4.06,0.59,inches,0.29,pounds,0.0186,cubic feet,Standard-Size,4.35,0,0.0811,25-Jan,7.1,weeks,0.78,0,0.19,0.0036,0.0624,0,USD,0.0624,--,N,N,0,--,0
B0BMF6VST8,X003IDW07X,"KEOAMG Over The Door Hooks, No Assembly Required Door Hanger Hook, Sturdy Over The Door Coat Rack, Over Door Hanger Door Hooks for Hanging Clothes, Towels, Hats, Matte Black",SAT2,US,17.48,4.29,3.7,inches,1.32,pounds,0.1606,cubic feet,Standard-Size,0.13,0,0.0104,25-Jan,7.1,weeks,0.78,0,0.03,0.0052,0.0081,0,USD,0.0081,--,N,N,0,--,0.06
B0DHL54ZV4,X004EJ05W7,"KEOAMG Tie Rack Hanger for Closet, Upgraded Tie Hangers for Men with 18 Folding Hooks, Space Saving Tie Holder Neck Tie Organizer for Men Ties, Belts, Bras, Scarves, Tank Tops (Mahogany)",SAT2,US,13.43,4.06,0.59,inches,0.29,pounds,0.0186,cubic feet,Standard-Size,86.23,0,1.6029,25-Jan,7.1,weeks,0.78,0,0.48,0.009,1.2519,0,USD,1.2519,--,N,N,0,--,0.13
B0BMF6VST8,X003IDW07X,"KEOAMG Over The Door Hooks, No Assembly Required Door Hanger Hook, Sturdy Over The Door Coat Rack, Over Door Hanger Door Hooks for Hanging Clothes, Towels, Hats, Matte Black",SAT3,US,17.48,4.29,3.7,inches,1.32,pounds,0.1606,cubic feet,Standard-Size,3.87,0,0.6112,25-Jan,7.1,weeks,0.78,0,0.03,0.0052,0.4802,0,USD,0.4802,--,N,N,0,--,0.06
B0D4MCXCC6,X0048XOI7H,"KEOAMG Over The Door Hooks, Over The Door Towel Rack for Bathroom, Sturdy Over The Door Hanger, Door Hanger Hook, Door Hooks for Hanging Clothes, Coats, Towels, White",SAT3,US,17.32,4.37,3.54,inches,1.3,pounds,0.1551,cubic feet,Standard-Size,0.19,0,0.025,25-Jan,7.1,weeks,0.78,0,0.03,0.005,0.0198,0,USD,0.0198,--,N,N,0,--,0.03
B0BMF6VST8,X003IDW07X,"KEOAMG Over The Door Hooks, No Assembly Required Door Hanger Hook, Sturdy Over The Door Coat Rack, Over Door Hanger Door Hooks for Hanging Clothes, Towels, Hats, Matte Black",SAX7,US,17.48,4.29,3.7,inches,1.32,pounds,0.1606,cubic feet,Standard-Size,8.29,0,1.3312,25-Jan,7.1,weeks,0.78,0,1.87,0.3004,1.04,0,USD,1.04,--,N,N,0,--,0
B0BMF6VST8,X003IDW07X,"KEOAMG Over The Door Hooks, No Assembly Required Door Hanger Hook, Sturdy Over The Door Coat Rack, Over Door Hanger Door Hooks for Hanging Clothes, Towels, Hats, Matte Black",SBD6,US,17.48,4.29,3.7,inches,1.32,pounds,0.1606,cubic feet,Standard-Size,0.9,0,0.1347,25-Jan,7.1,weeks,0.78,0,0.1,0.0155,0.105,0,USD,0.105,--,N,N,0,--,0.06
B0DDXB7T2H,X004DAC1AV,"2Pack Tie Rack Wall Mounted, Wooden Tie Hanger Tie Organizer for Men with 28 Folding Hooks, Space Saving Tie Holder and Belt Rack for Closet Wall Mount (Black)",SBD6,US,14.25,4.02,0.75,inches,0.79,pounds,0.0249,cubic feet,Standard-Size,41.29,0,1.0266,25-Jan,7.1,weeks,0.78,0,0,0,0.8051,0,USD,0.8051,--,N,N,0,--,0
B0DHL54ZV4,X004EJ05W7,"KEOAMG Tie Rack Hanger for Closet, Upgraded Tie Hangers for Men with 18 Folding Hooks, Space Saving Tie Holder Neck Tie Organizer for Men Ties, Belts, Bras, Scarves, Tank Tops (Mahogany)",SBD6,US,13.43,4.06,0.59,inches,0.29,pounds,0.0186,cubic feet,Standard-Size,12.52,0,0.2306,25-Jan,7.1,weeks,0.78,0,0.1,0.0018,0.1799,0,USD,0.1799,--,N,N,0,--,0.13
B0DDXB7T2H,X004DAC1AV,"2Pack Tie Rack Wall Mounted, Wooden Tie Hanger Tie Organizer for Men with 28 Folding Hooks, Space Saving Tie Holder and Belt Rack for Closet Wall Mount (Black)",SCK4,US,14.25,4.02,0.75,inches,0.79,pounds,0.0249,cubic feet,Standard-Size,4.26,0,0.0898,25-Jan,7.1,weeks,0.78,0,0,0,0.0701,0,USD,0.0701,--,N,N,0.012511845,FBA_NEW_SELECTION:0.0125,0
B0DHQ8QGQG,X004EJ051D,"KEOAMG Tie Rack Hanger for Closet, Sleek Tie Hangers for Men with 18 Upgraded Folding Hooks, Space-Saving Tie Holder Neck Tie Organizer for Men Ties, Belts, Bras, Scarves, Tank Tops (Black)",SCK4,US,13.43,4.49,0.71,inches,0.35,pounds,0.0248,cubic feet,Standard-Size,5,0,0.1239,25-Jan,7.1,weeks,0.78,0,0,0,0.0962,0,USD,0.0962,--,N,N,0,--,0
B0DHL54ZV4,X004EJ05W7,"KEOAMG Tie Rack Hanger for Closet, Upgraded Tie Hangers for Men with 18 Folding Hooks, Space Saving Tie Holder Neck Tie Organizer for Men Ties, Belts, Bras, Scarves, Tank Tops (Mahogany)",SCK4,US,13.43,4.06,0.59,inches,0.29,pounds,0.0186,cubic feet,Standard-Size,6.45,0,0.1201,25-Jan,7.1,weeks,0.78,0,0,0,0.0937,0,USD,0.0937,--,N,N,0,--,0
B0BMF6VST8,X003IDW07X,"KEOAMG Over The Door Hooks, No Assembly Required Door Hanger Hook, Sturdy Over The Door Coat Rack, Over Door Hanger Door Hooks for Hanging Clothes, Towels, Hats, Matte Black",SCK6,US,17.48,4.29,3.7,inches,1.32,pounds,0.1606,cubic feet,Standard-Size,1.71,0,0.2538,25-Jan,7.1,weeks,0.78,0,0,0,0.1954,0,USD,0.1954,--,N,N,0,--,0.13
B0D4MCXCC6,X0048XOI7H,"KEOAMG Over The Door Hooks, Over The Door Towel Rack for Bathroom, Sturdy Over The Door Hanger, Door Hanger Hook, Door Hooks for Hanging Clothes, Coats, Towels, White",SCK6,US,17.32,4.37,3.54,inches,1.3,pounds,0.1551,cubic feet,Standard-Size,2.1,0,0.2851,25-Jan,7.1,weeks,0.78,0,0.1,0.015,0.2206,0,USD,0.2206,--,N,N,0,--,0.26
B0DHL54ZV4,X004EJ05W7,"KEOAMG Tie Rack Hanger for Closet, Upgraded Tie Hangers for Men with 18 Folding Hooks, Space Saving Tie Holder Neck Tie Organizer for Men Ties, Belts, Bras, Scarves, Tank Tops (Mahogany)",SCK6,US,13.43,4.06,0.59,inches,0.29,pounds,0.0186,cubic feet,Standard-Size,3.23,0,0.0571,25-Jan,7.1,weeks,0.78,0,0,0,0.0439,0,USD,0.0439,--,N,N,0,--,0.16
B0DHQ8QGQG,X004EJ051D,"KEOAMG Tie Rack Hanger for Closet, Sleek Tie Hangers for Men with 18 Upgraded Folding Hooks, Space-Saving Tie Holder Neck Tie Organizer for Men Ties, Belts, Bras, Scarves, Tank Tops (Black)",SDF8,US,13.43,4.49,0.71,inches,0.35,pounds,0.0248,cubic feet,Standard-Size,0.68,0,0.0168,25-Jan,7.1,weeks,0.78,0,0.32,0.008,0.01,0,USD,0.01,--,N,N,0,--,0
B0BMF6VST8,X003IDW07X,"KEOAMG Over The Door Hooks, No Assembly Required Door Hanger Hook, Sturdy Over The Door Coat Rack, Over Door Hanger Door Hooks for Hanging Clothes, Towels, Hats, Matte Black",SLC1,US,17.48,4.29,3.7,inches,1.32,pounds,0.1606,cubic feet,Standard-Size,4.03,0,0.6371,25-Jan,7.1,weeks,0.78,0,0.55,0.0881,0.4983,0,USD,0.4983,--,N,N,0,--,0.06
B0DHL54ZV4,X004EJ05W7,"KEOAMG Tie Rack Hanger for Closet, Upgraded Tie Hangers for Men with 18 Folding Hooks, Space Saving Tie Holder Neck Tie Organizer for Men Ties, Belts, Bras, Scarves, Tank Tops (Mahogany)",SLC1,US,13.43,4.06,0.59,inches,0.29,pounds,0.0186,cubic feet,Standard-Size,0.81,0,0.015,25-Jan,7.1,weeks,0.78,0,0,0,0.0117,0,USD,0.0117,--,N,N,0,--,0
B0BMF6VST8,X003IDW07X,"KEOAMG Over The Door Hooks, No Assembly Required Door Hanger Hook, Sturdy Over The Door Coat Rack, Over Door Hanger Door Hooks for Hanging Clothes, Towels, Hats, Matte Black",SMF1,US,17.48,4.29,3.7,inches,1.32,pounds,0.1606,cubic feet,Standard-Size,0.29,0,0.0466,25-Jan,7.1,weeks,0.78,0,0.03,0.0052,0.0359,0,USD,0.0359,--,N,N,0,--,0
B0C538JL1X,X003TKCFCF,"KEOAMG 2 Pack Foldable Over The Door Hanger, No Assembly Required Door Hanger Hook, Sturdy Over The Door Coat Rack, Over The Door Hooks for Hanging Clothes, Towels, Hats, Matte Black",SMF1,US,17.6,4.17,3.9,inches,2.38,pounds,0.1656,cubic feet,Standard-Size,0.06,0,0.0053,25-Jan,7.1,weeks,0.78,0,0,0,0.0041,0,USD,0.0041,--,N,N,0,--,0.03
B0D4MCXCC6,X0048XOI7H,"KEOAMG Over The Door Hooks, Over The Door Towel Rack for Bathroom, Sturdy Over The Door Hanger, Door Hanger Hook, Door Hooks for Hanging Clothes, Coats, Towels, White",SMF1,US,17.32,4.37,3.54,inches,1.3,pounds,0.1551,cubic feet,Standard-Size,0.48,0,0.075,25-Jan,7.1,weeks,0.78,0,0.03,0.005,0.0587,0,USD,0.0587,--,N,N,0,--,0
B0DHL54ZV4,X004EJ05W7,"KEOAMG Tie Rack Hanger for Closet, Upgraded Tie Hangers for Men with 18 Folding Hooks, Space Saving Tie Holder Neck Tie Organizer for Men Ties, Belts, Bras, Scarves, Tank Tops (Mahogany)",SMF1,US,13.43,4.06,0.59,inches,0.29,pounds,0.0186,cubic feet,Standard-Size,3.65,0,0.0667,25-Jan,7.1,weeks,0.78,0,0.1,0.0018,0.0513,0,USD,0.0513,--,N,N,0,--,0.06
B0BMF6VST8,X003IDW07X,"KEOAMG Over The Door Hooks, No Assembly Required Door Hanger Hook, Sturdy Over The Door Coat Rack, Over Door Hanger Door Hooks for Hanging Clothes, Towels, Hats, Matte Black",STL8,US,17.48,4.29,3.7,inches,1.32,pounds,0.1606,cubic feet,Standard-Size,0.32,0,0.0414,25-Jan,7.1,weeks,0.78,0,0.06,0.0104,0.0344,0,USD,0.0344,--,N,N,0,--,0.06
B0C538JL1X,X003TKCFCF,"KEOAMG 2 Pack Foldable Over The Door Hanger, No Assembly Required Door Hanger Hook, Sturdy Over The Door Coat Rack, Over The Door Hooks for Hanging Clothes, Towels, Hats, Matte Black",STL8,US,17.6,4.17,3.9,inches,2.38,pounds,0.1656,cubic feet,Standard-Size,0.32,0,0.0427,25-Jan,7.1,weeks,0.78,0,0.26,0.0427,0.0356,0,USD,0.0356,--,N,N,0,--,0.06
B0D4MCXCC6,X0048XOI7H,"KEOAMG Over The Door Hooks, Over The Door Towel Rack for Bathroom, Sturdy Over The Door Hanger, Door Hanger Hook, Door Hooks for Hanging Clothes, Coats, Towels, White",SWF2,US,17.32,4.37,3.54,inches,1.3,pounds,0.1551,cubic feet,Standard-Size,4.87,0,0.7553,25-Jan,7.1,weeks,0.78,0,0,0,0.5857,0,USD,0.5857,--,N,N,0,--,0
B0DDXB7T2H,X004DAC1AV,"2Pack Tie Rack Wall Mounted, Wooden Tie Hanger Tie Organizer for Men with 28 Folding Hooks, Space Saving Tie Holder and Belt Rack for Closet Wall Mount (Black)",SWF2,US,14.25,4.02,0.75,inches,0.79,pounds,0.0249,cubic feet,Standard-Size,1.42,0,0.0353,25-Jan,7.1,weeks,0.78,0,0,0,0.0275,0,USD,0.0275,--,N,N,0,--,0
B0DHQ8QGQG,X004EJ051D,"KEOAMG Tie Rack Hanger for Closet, Sleek Tie Hangers for Men with 18 Upgraded Folding Hooks, Space-Saving Tie Holder Neck Tie Organizer for Men Ties, Belts, Bras, Scarves, Tank Tops (Black)",SWF2,US,13.43,4.49,0.71,inches,0.35,pounds,0.0248,cubic feet,Standard-Size,1.55,0,0.0384,25-Jan,7.1,weeks,0.78,0,0,0,0.0299,0,USD,0.0299,--,N,N,0,--,0
B0DHL54ZV4,X004EJ05W7,"KEOAMG Tie Rack Hanger for Closet, Upgraded Tie Hangers for Men with 18 Folding Hooks, Space Saving Tie Holder Neck Tie Organizer for Men Ties, Belts, Bras, Scarves, Tank Tops (Mahogany)",SWF2,US,13.43,4.06,0.59,inches,0.29,pounds,0.0186,cubic feet,Standard-Size,3.23,0,0.0601,25-Jan,7.1,weeks,0.78,0,0,0,0.0468,0,USD,0.0468,--,N,N,0,--,0
B0BMF6VST8,X003IDW07X,"KEOAMG Over The Door Hooks, No Assembly Required Door Hanger Hook, Sturdy Over The Door Coat Rack, Over Door Hanger Door Hooks for Hanging Clothes, Towels, Hats, Matte Black",SYR1,US,17.48,4.29,3.7,inches,1.32,pounds,0.1606,cubic feet,Standard-Size,2,0,0.2797,25-Jan,7.1,weeks,0.78,0,0.42,0.0673,0.2154,0,USD,0.2154,--,N,N,0,--,0.26
B0C538JL1X,X003TKCFCF,"KEOAMG 2 Pack Foldable Over The Door Hanger, No Assembly Required Door Hanger Hook, Sturdy Over The Door Coat Rack, Over The Door Hooks for Hanging Clothes, Towels, Hats, Matte Black",SYR1,US,17.6,4.17,3.9,inches,2.38,pounds,0.1656,cubic feet,Standard-Size,2.13,0,0.3313,25-Jan,7.1,weeks,0.78,0,2,0.3313,0.2569,0,USD,0.2569,--,N,N,0,--,0.13
B0D4MCXCC6,X0048XOI7H,"KEOAMG Over The Door Hooks, Over The Door Towel Rack for Bathroom, Sturdy Over The Door Hanger, Door Hanger Hook, Door Hooks for Hanging Clothes, Coats, Towels, White",SYR1,US,17.32,4.37,3.54,inches,1.3,pounds,0.1551,cubic feet,Standard-Size,0.06,0,0.01,25-Jan,7.1,weeks,0.78,0,0.03,0.005,0.0077,0,USD,0.0077,--,N,N,0,--,0
B0DHQ8QGQG,X004EJ051D,"KEOAMG Tie Rack Hanger for Closet, Sleek Tie Hangers for Men with 18 Upgraded Folding Hooks, Space-Saving Tie Holder Neck Tie Organizer for Men Ties, Belts, Bras, Scarves, Tank Tops (Black)",TPA1,US,13.43,4.49,0.71,inches,0.35,pounds,0.0248,cubic feet,Standard-Size,0.48,0,0.012,25-Jan,7.1,weeks,0.78,0,0.32,0.008,0.0095,0,USD,0.0095,--,N,N,0,--,0
B0DHL54ZV4,X004EJ05W7,"KEOAMG Tie Rack Hanger for Closet, Upgraded Tie Hangers for Men with 18 Folding Hooks, Space Saving Tie Holder Neck Tie Organizer for Men Ties, Belts, Bras, Scarves, Tank Tops (Mahogany)",TPA1,US,13.43,4.06,0.59,inches,0.29,pounds,0.0186,cubic feet,Standard-Size,0.03,0,6.00E-04,25-Jan,7.1,weeks,0.78,0,0,0,5.00E-04,0,USD,5.00E-04,--,N,N,0,--,0
B0BMF6VST8,X003IDW07X,"KEOAMG Over The Door Hooks, No Assembly Required Door Hanger Hook, Sturdy Over The Door Coat Rack, Over Door Hanger Door Hooks for Hanging Clothes, Towels, Hats, Matte Black",TUL2,US,17.48,4.29,3.7,inches,1.32,pounds,0.1606,cubic feet,Standard-Size,0.32,0,0.0518,25-Jan,7.1,weeks,0.78,0,0,0,0.0399,0,USD,0.0399,--,N,N,0,--,0
B0DHQ8QGQG,X004EJ051D,"KEOAMG Tie Rack Hanger for Closet, Sleek Tie Hangers for Men with 18 Upgraded Folding Hooks, Space-Saving Tie Holder Neck Tie Organizer for Men Ties, Belts, Bras, Scarves, Tank Tops (Black)",TUL2,US,13.43,4.49,0.71,inches,0.35,pounds,0.0248,cubic feet,Standard-Size,3.71,0,0.0919,25-Jan,7.1,weeks,0.78,0,2.23,0.0551,0.0701,0,USD,0.0701,--,N,N,0,--,0
B0BMF6VST8,X003IDW07X,"KEOAMG Over The Door Hooks, No Assembly Required Door Hanger Hook, Sturdy Over The Door Coat Rack, Over Door Hanger Door Hooks for Hanging Clothes, Towels, Hats, Matte Black",TUS2,US,17.48,4.29,3.7,inches,1.32,pounds,0.1606,cubic feet,Standard-Size,0.06,0,0.0104,25-Jan,7.1,weeks,0.78,0,0.06,0.0104,0.0087,0,USD,0.0087,--,N,N,0,--,0
B0DHL54ZV4,X004EJ05W7,"KEOAMG Tie Rack Hanger for Closet, Upgraded Tie Hangers for Men with 18 Folding Hooks, Space Saving Tie Holder Neck Tie Organizer for Men Ties, Belts, Bras, Scarves, Tank Tops (Mahogany)",TUS2,US,13.43,4.06,0.59,inches,0.29,pounds,0.0186,cubic feet,Standard-Size,3.42,0,0.0613,25-Jan,7.1,weeks,0.78,0,0.03,6.00E-04,0.0513,0,USD,0.0513,--,N,N,0,--,0.13
B0BMF6VST8,X003IDW07X,"KEOAMG Over The Door Hooks, No Assembly Required Door Hanger Hook, Sturdy Over The Door Coat Rack, Over Door Hanger Door Hooks for Hanging Clothes, Towels, Hats, Matte Black",TYS1,US,17.48,4.29,3.7,inches,1.32,pounds,0.1606,cubic feet,Standard-Size,0.42,0,0.0622,25-Jan,7.1,weeks,0.78,0,0.19,0.0311,0.0459,0,USD,0.0459,--,N,N,0,--,0.03
B0C538JL1X,X003TKCFCF,"KEOAMG 2 Pack Foldable Over The Door Hanger, No Assembly Required Door Hanger Hook, Sturdy Over The Door Coat Rack, Over The Door Hooks for Hanging Clothes, Towels, Hats, Matte Black",TYS1,US,17.6,4.17,3.9,inches,2.38,pounds,0.1656,cubic feet,Standard-Size,0.06,0,0.0107,25-Jan,7.1,weeks,0.78,0,0.03,0.0053,0.0079,0,USD,0.0079,--,N,N,0,--,0
B0DHL54ZV4,X004EJ05W7,"KEOAMG Tie Rack Hanger for Closet, Upgraded Tie Hangers for Men with 18 Folding Hooks, Space Saving Tie Holder Neck Tie Organizer for Men Ties, Belts, Bras, Scarves, Tank Tops (Mahogany)",TYS1,US,13.43,4.06,0.59,inches,0.29,pounds,0.0186,cubic feet,Standard-Size,0.45,0,0.0084,25-Jan,7.1,weeks,0.78,0,0.06,0.0012,0.0062,0,USD,0.0062,--,N,N,0,--,0
B0BMF6VST8,X003IDW07X,"KEOAMG Over The Door Hooks, No Assembly Required Door Hanger Hook, Sturdy Over The Door Coat Rack, Over Door Hanger Door Hooks for Hanging Clothes, Towels, Hats, Matte Black",VGT1,US,17.48,4.29,3.7,inches,1.32,pounds,0.1606,cubic feet,Standard-Size,237.26,0,37.9871,25-Jan,7.1,weeks,0.78,0,16.26,2.6105,29.6316,0,USD,29.6316,--,N,N,0,--,0.68
B0DHL54ZV4,X004EJ05W7,"KEOAMG Tie Rack Hanger for Closet, Upgraded Tie Hangers for Men with 18 Folding Hooks, Space Saving Tie Holder Neck Tie Organizer for Men Ties, Belts, Bras, Scarves, Tank Tops (Mahogany)",VGT1,US,13.43,4.06,0.59,inches,0.29,pounds,0.0186,cubic feet,Standard-Size,0.65,0,0.0108,25-Jan,7.1,weeks,0.78,0,0.06,0.0012,0.0084,0,USD,0.0084,--,N,N,0,--,0.06
B0BMF6VST8,X003IDW07X,"KEOAMG Over The Door Hooks, No Assembly Required Door Hanger Hook, Sturdy Over The Door Coat Rack, Over Door Hanger Door Hooks for Hanging Clothes, Towels, Hats, Matte Black",VGT2,US,17.48,4.29,3.7,inches,1.32,pounds,0.1606,cubic feet,Standard-Size,20.32,0,3.2631,25-Jan,7.1,weeks,0.78,0,0,0,2.5472,0,USD,2.5472,--,N,N,0,--,0
B0D4MCXCC6,X0048XOI7H,"KEOAMG Over The Door Hooks, Over The Door Towel Rack for Bathroom, Sturdy Over The Door Hanger, Door Hanger Hook, Door Hooks for Hanging Clothes, Coats, Towels, White",VGT2,US,17.32,4.37,3.54,inches,1.3,pounds,0.1551,cubic feet,Standard-Size,10.19,0,1.5806,25-Jan,7.1,weeks,0.78,0,2.9,0.4502,1.2328,0,USD,1.2328,--,N,N,0,--,0
B0BMF6VST8,X003IDW07X,"KEOAMG Over The Door Hooks, No Assembly Required Door Hanger Hook, Sturdy Over The Door Coat Rack, Over Door Hanger Door Hooks for Hanging Clothes, Towels, Hats, Matte Black",XJF1,US,17.48,4.29,3.7,inches,1.32,pounds,0.1606,cubic feet,Standard-Size,0.81,0,0.1295,25-Jan,7.1,weeks,0.78,0,0,0,0.1,0,USD,0.1,--,N,N,0,--,0
B0BMF6VST8,X003IDW07X,"KEOAMG Over The Door Hooks, No Assembly Required Door Hanger Hook, Sturdy Over The Door Coat Rack, Over Door Hanger Door Hooks for Hanging Clothes, Towels, Hats, Matte Black",XSL2,US,17.48,4.29,3.7,inches,1.32,pounds,0.1606,cubic feet,Standard-Size,62.9,0,10.1002,25-Jan,7.1,weeks,0.78,0,0,0,7.88,0,USD,7.88,--,N,N,0,--,0